-- MySQL dump 10.13  Distrib 8.0.41, for Win64 (x86_64)
--
-- Host: localhost    Database: eventcrafter
-- ------------------------------------------------------
-- Server version	8.0.41

/*!40101 SET @OLD_CHARACTER_SET_CLIENT=@@CHARACTER_SET_CLIENT */;
/*!40101 SET @OLD_CHARACTER_SET_RESULTS=@@CHARACTER_SET_RESULTS */;
/*!40101 SET @OLD_COLLATION_CONNECTION=@@COLLATION_CONNECTION */;
/*!50503 SET NAMES utf8mb4 */;
/*!40103 SET @OLD_TIME_ZONE=@@TIME_ZONE */;
/*!40103 SET TIME_ZONE='+00:00' */;
/*!40014 SET @OLD_UNIQUE_CHECKS=@@UNIQUE_CHECKS, UNIQUE_CHECKS=0 */;
/*!40014 SET @OLD_FOREIGN_KEY_CHECKS=@@FOREIGN_KEY_CHECKS, FOREIGN_KEY_CHECKS=0 */;
/*!40101 SET @OLD_SQL_MODE=@@SQL_MODE, SQL_MODE='NO_AUTO_VALUE_ON_ZERO' */;
/*!40111 SET @OLD_SQL_NOTES=@@SQL_NOTES, SQL_NOTES=0 */;

--
-- Table structure for table `admin`
--

DROP TABLE IF EXISTS `admin`;
/*!40101 SET @saved_cs_client     = @@character_set_client */;
/*!50503 SET character_set_client = utf8mb4 */;
CREATE TABLE `admin` (
  `id` bigint unsigned NOT NULL AUTO_INCREMENT,
  `email` varchar(255) COLLATE utf8mb4_unicode_ci NOT NULL,
  `password` varchar(255) COLLATE utf8mb4_unicode_ci NOT NULL,
  `secret_code` varchar(255) COLLATE utf8mb4_unicode_ci NOT NULL DEFAULT 'EC1212',
  `created_at` timestamp NULL DEFAULT CURRENT_TIMESTAMP,
  `updated_at` timestamp NULL DEFAULT CURRENT_TIMESTAMP,
  PRIMARY KEY (`id`),
  UNIQUE KEY `admin_email_unique` (`email`)
) ENGINE=InnoDB AUTO_INCREMENT=5 DEFAULT CHARSET=utf8mb4 COLLATE=utf8mb4_unicode_ci;
/*!40101 SET character_set_client = @saved_cs_client */;

--
-- Dumping data for table `admin`
--

LOCK TABLES `admin` WRITE;
/*!40000 ALTER TABLE `admin` DISABLE KEYS */;
INSERT INTO `admin` VALUES (4,'eventcrafter812@gmail.com','$2y$12$LBYTAWvl754kGTPtpu39gu7odB/lUT1LHX3gIew4bf2omNqB/63Va','EC1212','2025-06-28 04:52:46','2025-06-28 04:52:46');
/*!40000 ALTER TABLE `admin` ENABLE KEYS */;
UNLOCK TABLES;

--
-- Table structure for table `bookings`
--

DROP TABLE IF EXISTS `bookings`;
/*!40101 SET @saved_cs_client     = @@character_set_client */;
/*!50503 SET character_set_client = utf8mb4 */;
CREATE TABLE `bookings` (
  `id` bigint unsigned NOT NULL AUTO_INCREMENT,
  `user_id` bigint unsigned NOT NULL,
  `event_id` bigint unsigned NOT NULL,
  `booking_date` date NOT NULL,
  `number_of_tickets` int NOT NULL,
  `amount_paid` int NOT NULL,
  `status` enum('pending','confirmed','cancelled') COLLATE utf8mb4_unicode_ci NOT NULL DEFAULT 'confirmed',
  `created_at` timestamp NULL DEFAULT NULL,
  `updated_at` timestamp NULL DEFAULT NULL,
  PRIMARY KEY (`id`),
  KEY `bookings_user_id_foreign` (`user_id`),
  KEY `bookings_event_id_foreign` (`event_id`),
  CONSTRAINT `bookings_event_id_foreign` FOREIGN KEY (`event_id`) REFERENCES `events` (`id`) ON DELETE CASCADE,
  CONSTRAINT `bookings_user_id_foreign` FOREIGN KEY (`user_id`) REFERENCES `users` (`id`) ON DELETE CASCADE
) ENGINE=InnoDB AUTO_INCREMENT=35 DEFAULT CHARSET=utf8mb4 COLLATE=utf8mb4_unicode_ci;
/*!40101 SET character_set_client = @saved_cs_client */;

--
-- Dumping data for table `bookings`
--

LOCK TABLES `bookings` WRITE;
/*!40000 ALTER TABLE `bookings` DISABLE KEYS */;
INSERT INTO `bookings` VALUES (1,3,1,'2025-06-26',4,1196,'confirmed','2025-06-26 14:06:13','2025-06-26 14:06:13'),(2,3,4,'2025-06-26',2,998,'confirmed','2025-06-26 14:07:05','2025-06-26 14:07:05'),(3,3,12,'2025-06-26',10,3490,'confirmed','2025-06-26 14:07:33','2025-06-26 14:07:33'),(4,3,6,'2025-06-26',25,2500,'confirmed','2025-06-26 14:07:49','2025-06-26 14:07:49'),(6,3,5,'2025-06-26',6,5994,'confirmed','2025-06-26 14:09:28','2025-06-26 14:09:28'),(7,3,10,'2025-06-26',16,0,'confirmed','2025-06-26 14:17:11','2025-06-26 14:17:11'),(8,3,2,'2025-06-26',12,1800,'confirmed','2025-06-26 14:17:52','2025-06-26 14:17:52'),(9,4,8,'2025-06-26',18,8982,'confirmed','2025-06-26 14:29:27','2025-06-26 14:29:27'),(10,4,11,'2025-06-26',7,2093,'confirmed','2025-06-26 14:29:52','2025-06-26 14:29:52'),(11,4,7,'2025-06-26',14,18186,'confirmed','2025-06-26 14:30:10','2025-06-26 14:30:10'),(12,4,3,'2025-06-26',125,0,'confirmed','2025-06-26 14:30:41','2025-06-26 14:30:41'),(13,4,5,'2025-06-26',3,2997,'confirmed','2025-06-26 14:31:17','2025-06-26 14:31:17'),(14,4,10,'2025-06-26',8,0,'confirmed','2025-06-26 14:31:39','2025-06-26 14:31:39'),(15,4,2,'2025-06-26',15,2250,'confirmed','2025-06-26 14:31:59','2025-06-26 14:31:59'),(17,5,6,'2025-06-30',26,2600,'confirmed','2025-06-30 14:24:34','2025-06-30 14:24:34'),(18,5,10,'2025-06-30',89,0,'confirmed','2025-06-30 14:26:20','2025-06-30 14:26:20'),(19,5,8,'2025-06-30',23,11477,'confirmed','2025-06-30 14:51:20','2025-06-30 14:51:20'),(20,5,12,'2025-06-30',78,27300,'confirmed','2025-06-30 14:52:27','2025-06-30 14:52:27'),(21,5,2,'2025-06-30',120,18000,'confirmed','2025-06-30 14:53:54','2025-06-30 14:53:54'),(22,6,6,'2025-07-01',42,4200,'confirmed','2025-07-01 05:12:04','2025-07-01 05:12:04'),(23,6,4,'2025-07-01',12,5988,'confirmed','2025-07-01 05:12:59','2025-07-01 05:12:59'),(24,6,12,'2025-07-01',21,7350,'confirmed','2025-07-01 05:13:28','2025-07-01 05:13:28'),(25,6,10,'2025-07-01',121,0,'confirmed','2025-07-01 05:14:08','2025-07-01 05:14:08'),(26,3,15,'2025-07-02',5,10000,'confirmed','2025-07-02 03:39:32','2025-07-02 03:39:32'),(27,3,17,'2025-07-02',6,720,'confirmed','2025-07-02 03:40:44','2025-07-02 03:40:44'),(28,4,14,'2025-07-02',14,9786,'confirmed','2025-07-02 03:42:00','2025-07-02 03:42:00'),(29,4,13,'2025-07-02',76,5700,'confirmed','2025-07-02 03:43:21','2025-07-02 03:43:21'),(30,9,4,'2025-07-02',8,3992,'confirmed','2025-07-02 03:46:19','2025-07-02 03:46:19'),(31,9,10,'2025-07-02',121,0,'confirmed','2025-07-02 03:46:54','2025-07-02 03:46:54'),(32,9,15,'2025-07-02',13,26000,'confirmed','2025-07-02 03:47:11','2025-07-02 03:47:11'),(33,9,8,'2025-07-02',6,2994,'confirmed','2025-07-02 03:47:29','2025-07-02 03:47:29'),(34,9,8,'2025-07-02',5,2495,'confirmed','2025-07-02 03:53:52','2025-07-02 03:53:52');
/*!40000 ALTER TABLE `bookings` ENABLE KEYS */;
UNLOCK TABLES;

--
-- Table structure for table `cache`
--

DROP TABLE IF EXISTS `cache`;
/*!40101 SET @saved_cs_client     = @@character_set_client */;
/*!50503 SET character_set_client = utf8mb4 */;
CREATE TABLE `cache` (
  `key` varchar(255) COLLATE utf8mb4_unicode_ci NOT NULL,
  `value` mediumtext COLLATE utf8mb4_unicode_ci NOT NULL,
  `expiration` int NOT NULL,
  PRIMARY KEY (`key`)
) ENGINE=InnoDB DEFAULT CHARSET=utf8mb4 COLLATE=utf8mb4_unicode_ci;
/*!40101 SET character_set_client = @saved_cs_client */;

--
-- Dumping data for table `cache`
--

LOCK TABLES `cache` WRITE;
/*!40000 ALTER TABLE `cache` DISABLE KEYS */;
/*!40000 ALTER TABLE `cache` ENABLE KEYS */;
UNLOCK TABLES;

--
-- Table structure for table `cache_locks`
--

DROP TABLE IF EXISTS `cache_locks`;
/*!40101 SET @saved_cs_client     = @@character_set_client */;
/*!50503 SET character_set_client = utf8mb4 */;
CREATE TABLE `cache_locks` (
  `key` varchar(255) COLLATE utf8mb4_unicode_ci NOT NULL,
  `owner` varchar(255) COLLATE utf8mb4_unicode_ci NOT NULL,
  `expiration` int NOT NULL,
  PRIMARY KEY (`key`)
) ENGINE=InnoDB DEFAULT CHARSET=utf8mb4 COLLATE=utf8mb4_unicode_ci;
/*!40101 SET character_set_client = @saved_cs_client */;

--
-- Dumping data for table `cache_locks`
--

LOCK TABLES `cache_locks` WRITE;
/*!40000 ALTER TABLE `cache_locks` DISABLE KEYS */;
/*!40000 ALTER TABLE `cache_locks` ENABLE KEYS */;
UNLOCK TABLES;

--
-- Table structure for table `events`
--

DROP TABLE IF EXISTS `events`;
/*!40101 SET @saved_cs_client     = @@character_set_client */;
/*!50503 SET character_set_client = utf8mb4 */;
CREATE TABLE `events` (
  `id` bigint unsigned NOT NULL AUTO_INCREMENT,
  `user_id` bigint unsigned NOT NULL,
  `title` varchar(255) COLLATE utf8mb4_unicode_ci NOT NULL,
  `description` text COLLATE utf8mb4_unicode_ci NOT NULL,
  `image` varchar(255) COLLATE utf8mb4_unicode_ci NOT NULL,
  `date` date NOT NULL,
  `time` time NOT NULL,
  `venue` varchar(255) COLLATE utf8mb4_unicode_ci NOT NULL,
  `price` decimal(10,2) NOT NULL,
  `total_tickets` int NOT NULL,
  `tickets_booked` int NOT NULL DEFAULT '0',
  `created_at` timestamp NULL DEFAULT NULL,
  `updated_at` timestamp NULL DEFAULT NULL,
  PRIMARY KEY (`id`),
  KEY `events_user_id_foreign` (`user_id`),
  CONSTRAINT `events_user_id_foreign` FOREIGN KEY (`user_id`) REFERENCES `users` (`id`) ON DELETE CASCADE
) ENGINE=InnoDB AUTO_INCREMENT=18 DEFAULT CHARSET=utf8mb4 COLLATE=utf8mb4_unicode_ci;
/*!40101 SET character_set_client = @saved_cs_client */;

--
-- Dumping data for table `events`
--

LOCK TABLES `events` WRITE;
/*!40000 ALTER TABLE `events` DISABLE KEYS */;
INSERT INTO `events` VALUES (1,1,'TechConnect 2025','A tech meetup to explore the latest trends in AI, cloud, and software development with interactive sessions.','https://images.unsplash.com/photo-1580946288563-5308c3c3abfd?w=500&auto=format&fit=crop&q=60&ixlib=rb-4.1.0&ixid=M3wxMjA3fDB8MHxzZWFyY2h8MTl8fHRlY2glMjBldmVudHxlbnwwfHwwfHx8MA%3D%3D','2025-06-27','20:00:00','Ahmedabad, Gujarat',299.00,150,4,'2025-06-26 11:25:44','2025-06-26 14:06:13'),(2,1,'Garba Night Fiesta','Join the colorful and energetic night of traditional Garba with live music, food stalls, and festive vibes.','https://media.istockphoto.com/id/1269134162/photo/godess-durga-idol-in-a-pandal-durga-puja-is-the-most-important-worldwide-hindu-festival-for.webp?a=1&b=1&s=612x612&w=0&k=20&c=RUzOnMXoFpMz-jHhLlW2ckAwwGgHhdPf4woajYQ6M-M=','2025-07-12','22:00:00','Vadodara, Gujarat',150.00,300,147,'2025-06-26 11:29:16','2025-06-30 14:53:54'),(3,1,'Startup Pitch Fest','A platform for startups to present their innovative ideas to investors, mentors, and fellow entrepreneurs.','https://images.unsplash.com/photo-1557804506-669a67965ba0?w=500&auto=format&fit=crop&q=60&ixlib=rb-4.1.0&ixid=M3wxMjA3fDB8MHxzZWFyY2h8M3x8c3RhcnR1cHxlbnwwfHwwfHx8MA%3D%3D','2025-06-28','09:00:00','Bengaluru, Karnataka',0.00,400,125,'2025-06-26 11:31:16','2025-06-26 14:30:41'),(4,1,'Monsoon Trekking Adventure','Experience the thrill of trekking through lush green trails and waterfalls during the monsoon season.','https://images.unsplash.com/photo-1619260584294-8a4e63f5ade5?w=500&auto=format&fit=crop&q=60&ixlib=rb-4.1.0&ixid=M3wxMjA3fDB8MHxzZWFyY2h8MTR8fG1vbnNvb24lMjBhZHZlbnR1cmV8ZW58MHx8MHx8fDA%3D','2025-07-07','08:00:00','Lonavala, Maharashtra',499.00,40,22,'2025-06-26 11:32:56','2025-07-02 03:46:19'),(5,1,'CodeHack 48','A 48-hour hackathon where developers and designers come together to build innovative tech solutions.','https://images.unsplash.com/photo-1737408011230-995d7a7aca1b?w=500&auto=format&fit=crop&q=60&ixlib=rb-4.1.0&ixid=M3wxMjA3fDB8MHxzZWFyY2h8MTZ8fGhhY2thdGhvbnxlbnwwfHwwfHx8MA%3D%3D','2025-06-27','11:15:00','Hyderabad, Telangana',999.00,60,9,'2025-06-26 11:34:53','2025-06-26 14:31:17'),(6,1,'Bollywood Singing Contest','Showcase your singing talent and compete for the crown in this exciting Bollywood-themed competition.','https://images.unsplash.com/photo-1694144795703-53432fc6f0ab?w=500&auto=format&fit=crop&q=60&ixlib=rb-4.1.0&ixid=M3wxMjA3fDB8MHxzZWFyY2h8MTR8fHNpbmdpbmclMjBjb250ZXN0fGVufDB8fDB8fHww','2025-07-09','21:00:00','Jaipur, Rajasthan',100.00,200,93,'2025-06-26 11:37:00','2025-07-01 05:12:04'),(7,2,'Yoga & Wellness Retreat','A peaceful retreat focused on yoga, meditation, and healthy living practices by the riverside.','https://images.unsplash.com/photo-1447452001602-7090c7ab2db3?w=500&auto=format&fit=crop&q=60&ixlib=rb-4.1.0&ixid=M3wxMjA3fDB8MHxzZWFyY2h8Nnx8eW9nYXxlbnwwfHwwfHx8MA%3D%3D','2025-06-28','06:00:00','Rishikesh, Uttarakhand',1299.00,30,14,'2025-06-26 11:41:15','2025-06-26 14:30:10'),(8,2,'AI Future Talk','Learn from experts as they discuss the role of Artificial Intelligence in transforming the future.','https://plus.unsplash.com/premium_photo-1683121710572-7723bd2e235d?w=500&auto=format&fit=crop&q=60&ixlib=rb-4.1.0&ixid=M3wxMjA3fDB8MHxzZWFyY2h8MXx8YWl8ZW58MHx8MHx8fDA%3D','2025-07-06','20:15:00','Pune, Maharashtra',499.00,80,52,'2025-06-26 11:42:57','2025-07-02 03:53:53'),(9,2,'Gujarati Food Festival','Taste a variety of authentic Gujarati dishes and delicacies with live cooking shows and food demos.','https://images.unsplash.com/photo-1551883738-19ffa3dc4c43?w=500&auto=format&fit=crop&q=60&ixlib=rb-4.1.0&ixid=M3wxMjA3fDB8MHxzZWFyY2h8OHx8Zm9vZCUyMGZlc3RpdmFsfGVufDB8fDB8fHww','2025-06-28','20:00:00','Surat, Gujarat',79.00,700,0,'2025-06-26 11:45:10','2025-06-26 11:45:10'),(10,2,'Independence Day Cyclothon','Celebrate Independence Day with a sunrise cycle ride promoting fitness and environmental awareness.','https://plus.unsplash.com/premium_photo-1684274186177-9f2a3193061a?w=500&auto=format&fit=crop&q=60&ixlib=rb-4.1.0&ixid=M3wxMjA3fDB8MHxzZWFyY2h8MXx8Y3ljbG90aG9ufGVufDB8fDB8fHww','2025-07-08','06:15:00','Gandhinagar, Gujarat',0.00,500,355,'2025-06-26 11:46:46','2025-07-02 03:46:54'),(11,2,'Women in Tech Panel','Engage with leading women technologists as they share their journeys, challenges, and achievements.','https://images.unsplash.com/photo-1699075092783-8e58982bc3d8?w=500&auto=format&fit=crop&q=60&ixlib=rb-4.1.0&ixid=M3wxMjA3fDB8MHxzZWFyY2h8M3x8d29tZW4lMjB0ZWNofGVufDB8fDB8fHww','2025-06-27','21:00:00','Chennai, Tamil Nadu',299.00,120,7,'2025-06-26 11:48:23','2025-06-26 14:29:52'),(12,2,'College DJ Night','Party all night with live DJ performances, dance floors, neon lights, and a fun-filled student crowd.','https://media.istockphoto.com/id/2099609062/photo/dj-raising-hand-while-playing-on-stage-in-a-club.webp?a=1&b=1&s=612x612&w=0&k=20&c=c6BkOqvzoA8cFvRtqw7iptLuyem2RRKJ3RraFeNKBEo=','2025-07-12','23:20:00','Mumbai, Maharashtra',350.00,250,109,'2025-06-26 11:50:37','2025-07-01 05:13:28'),(13,7,'Youth Motivational Summit','Talks from young entrepreneurs, influencers, and IAS officers to motivate students.','https://images.unsplash.com/photo-1660794486044-ff1072c442f9?w=500&auto=format&fit=crop&q=60&ixlib=rb-4.1.0&ixid=M3wxMjA3fDB8MHxzZWFyY2h8M3x8bW90aXZhdGlvbiUyMHNwZWFrZXJ8ZW58MHx8MHx8fDA%3D','2025-07-25','16:00:00','Tagore Hall , Ahmedabad',75.00,300,76,'2025-07-01 05:27:17','2025-07-02 03:43:21'),(14,7,'Spark Talent Show','A stage for singers, dancers, comedians, and poets to showcase their talent.','https://images.unsplash.com/photo-1723074833072-491fec9f377f?w=500&auto=format&fit=crop&q=60&ixlib=rb-4.1.0&ixid=M3wxMjA3fDB8MHxzZWFyY2h8MTV8fHRhbGVudCUyMHNob3d8ZW58MHx8MHx8fDA%3D','2025-07-08','07:01:00','Townhall , Delhi',699.00,120,14,'2025-07-01 05:32:27','2025-07-02 03:42:00'),(15,8,'Comedy Night','Stand-up comedy show featuring 4 top comedians from Gujarat.','https://media.istockphoto.com/id/1316581169/photo/stage-with-microphone-and-stool-with-red-neon-lamp-with-the-word-comedy-space-for-text.webp?a=1&b=1&s=612x612&w=0&k=20&c=cBfRqbEd_UooPVxhjTNJYFk_W6buS4X8NWQE-mAi38I=','2025-07-06','20:00:00','Sardar bridge , Ahmedabad',2000.00,60,18,'2025-07-01 05:37:27','2025-07-02 03:47:11'),(17,8,'Master chef Junior cook Off','A cooking competition for kids aged 8–16 with live judging and awards.','https://media.istockphoto.com/id/1462953603/photo/chef-teacher-teaches-cooking-to-the-group-children-in-class-kitchen-room-chef-preparing.webp?a=1&b=1&s=612x612&w=0&k=20&c=yCF9XV3-ZRyDbat4nn4fXoPSQqVCdZgHEUaiJmdItTo=','2025-07-09','21:00:00','MG Road , Jaipur',120.00,150,6,'2025-07-01 05:41:18','2025-07-02 03:40:44');
/*!40000 ALTER TABLE `events` ENABLE KEYS */;
UNLOCK TABLES;

--
-- Table structure for table `failed_jobs`
--

DROP TABLE IF EXISTS `failed_jobs`;
/*!40101 SET @saved_cs_client     = @@character_set_client */;
/*!50503 SET character_set_client = utf8mb4 */;
CREATE TABLE `failed_jobs` (
  `id` bigint unsigned NOT NULL AUTO_INCREMENT,
  `uuid` varchar(255) COLLATE utf8mb4_unicode_ci NOT NULL,
  `connection` text COLLATE utf8mb4_unicode_ci NOT NULL,
  `queue` text COLLATE utf8mb4_unicode_ci NOT NULL,
  `payload` longtext COLLATE utf8mb4_unicode_ci NOT NULL,
  `exception` longtext COLLATE utf8mb4_unicode_ci NOT NULL,
  `failed_at` timestamp NOT NULL DEFAULT CURRENT_TIMESTAMP,
  PRIMARY KEY (`id`),
  UNIQUE KEY `failed_jobs_uuid_unique` (`uuid`)
) ENGINE=InnoDB AUTO_INCREMENT=9 DEFAULT CHARSET=utf8mb4 COLLATE=utf8mb4_unicode_ci;
/*!40101 SET character_set_client = @saved_cs_client */;

--
-- Dumping data for table `failed_jobs`
--

LOCK TABLES `failed_jobs` WRITE;
/*!40000 ALTER TABLE `failed_jobs` DISABLE KEYS */;
INSERT INTO `failed_jobs` VALUES (1,'6f2a453d-e8b8-452e-a911-49bcdae6c638','database','default','{\"uuid\":\"6f2a453d-e8b8-452e-a911-49bcdae6c638\",\"displayName\":\"App\\\\Jobs\\\\SendRegisterEmailJob\",\"job\":\"Illuminate\\\\Queue\\\\CallQueuedHandler@call\",\"maxTries\":null,\"maxExceptions\":null,\"failOnTimeout\":false,\"backoff\":null,\"timeout\":null,\"retryUntil\":null,\"data\":{\"commandName\":\"App\\\\Jobs\\\\SendRegisterEmailJob\",\"command\":\"O:29:\\\"App\\\\Jobs\\\\SendRegisterEmailJob\\\":3:{s:5:\\\"email\\\";s:22:\\\"jamesaaron12@gmail.com\\\";s:8:\\\"username\\\";s:11:\\\"James aaron\\\";s:4:\\\"role\\\";s:8:\\\"customer\\\";}\"},\"createdAt\":1751293383,\"delay\":null}','Symfony\\Component\\Mailer\\Exception\\TransportException: Connection could not be established with host \"smtp.gmail.com:587\": stream_socket_client(): php_network_getaddresses: getaddrinfo for smtp.gmail.com failed: No such host is known.  in D:\\Herd\\eventcrafter\\vendor\\symfony\\mailer\\Transport\\Smtp\\Stream\\SocketStream.php:154\nStack trace:\n#0 [internal function]: Symfony\\Component\\Mailer\\Transport\\Smtp\\Stream\\SocketStream->Symfony\\Component\\Mailer\\Transport\\Smtp\\Stream\\{closure}(2, \'stream_socket_c...\', \'D:\\\\Herd\\\\eventcr...\', 157)\n#1 D:\\Herd\\eventcrafter\\vendor\\symfony\\mailer\\Transport\\Smtp\\Stream\\SocketStream.php(157): stream_socket_client(\'smtp.gmail.com:...\', 0, \'\', 60.0, 4, Resource id #882)\n#2 D:\\Herd\\eventcrafter\\vendor\\symfony\\mailer\\Transport\\Smtp\\SmtpTransport.php(279): Symfony\\Component\\Mailer\\Transport\\Smtp\\Stream\\SocketStream->initialize()\n#3 D:\\Herd\\eventcrafter\\vendor\\symfony\\mailer\\Transport\\Smtp\\SmtpTransport.php(211): Symfony\\Component\\Mailer\\Transport\\Smtp\\SmtpTransport->start()\n#4 D:\\Herd\\eventcrafter\\vendor\\symfony\\mailer\\Transport\\AbstractTransport.php(69): Symfony\\Component\\Mailer\\Transport\\Smtp\\SmtpTransport->doSend(Object(Symfony\\Component\\Mailer\\SentMessage))\n#5 D:\\Herd\\eventcrafter\\vendor\\symfony\\mailer\\Transport\\Smtp\\SmtpTransport.php(138): Symfony\\Component\\Mailer\\Transport\\AbstractTransport->send(Object(Symfony\\Component\\Mime\\Email), Object(Symfony\\Component\\Mailer\\DelayedEnvelope))\n#6 D:\\Herd\\eventcrafter\\vendor\\laravel\\framework\\src\\Illuminate\\Mail\\Mailer.php(584): Symfony\\Component\\Mailer\\Transport\\Smtp\\SmtpTransport->send(Object(Symfony\\Component\\Mime\\Email), Object(Symfony\\Component\\Mailer\\DelayedEnvelope))\n#7 D:\\Herd\\eventcrafter\\vendor\\laravel\\framework\\src\\Illuminate\\Mail\\Mailer.php(331): Illuminate\\Mail\\Mailer->sendSymfonyMessage(Object(Symfony\\Component\\Mime\\Email))\n#8 D:\\Herd\\eventcrafter\\vendor\\laravel\\framework\\src\\Illuminate\\Mail\\Mailable.php(207): Illuminate\\Mail\\Mailer->send(\'mails.registerE...\', Array, Object(Closure))\n#9 D:\\Herd\\eventcrafter\\vendor\\laravel\\framework\\src\\Illuminate\\Support\\Traits\\Localizable.php(19): Illuminate\\Mail\\Mailable->Illuminate\\Mail\\{closure}()\n#10 D:\\Herd\\eventcrafter\\vendor\\laravel\\framework\\src\\Illuminate\\Mail\\Mailable.php(200): Illuminate\\Mail\\Mailable->withLocale(NULL, Object(Closure))\n#11 D:\\Herd\\eventcrafter\\vendor\\laravel\\framework\\src\\Illuminate\\Mail\\Mailer.php(353): Illuminate\\Mail\\Mailable->send(Object(Illuminate\\Mail\\Mailer))\n#12 D:\\Herd\\eventcrafter\\vendor\\laravel\\framework\\src\\Illuminate\\Mail\\Mailer.php(300): Illuminate\\Mail\\Mailer->sendMailable(Object(App\\Mail\\RegisterEmail))\n#13 D:\\Herd\\eventcrafter\\vendor\\laravel\\framework\\src\\Illuminate\\Mail\\PendingMail.php(123): Illuminate\\Mail\\Mailer->send(Object(App\\Mail\\RegisterEmail))\n#14 D:\\Herd\\eventcrafter\\app\\Jobs\\SendRegisterEmailJob.php(33): Illuminate\\Mail\\PendingMail->send(Object(App\\Mail\\RegisterEmail))\n#15 D:\\Herd\\eventcrafter\\vendor\\laravel\\framework\\src\\Illuminate\\Container\\BoundMethod.php(36): App\\Jobs\\SendRegisterEmailJob->handle()\n#16 D:\\Herd\\eventcrafter\\vendor\\laravel\\framework\\src\\Illuminate\\Container\\Util.php(43): Illuminate\\Container\\BoundMethod::Illuminate\\Container\\{closure}()\n#17 D:\\Herd\\eventcrafter\\vendor\\laravel\\framework\\src\\Illuminate\\Container\\BoundMethod.php(96): Illuminate\\Container\\Util::unwrapIfClosure(Object(Closure))\n#18 D:\\Herd\\eventcrafter\\vendor\\laravel\\framework\\src\\Illuminate\\Container\\BoundMethod.php(35): Illuminate\\Container\\BoundMethod::callBoundMethod(Object(Illuminate\\Foundation\\Application), Array, Object(Closure))\n#19 D:\\Herd\\eventcrafter\\vendor\\laravel\\framework\\src\\Illuminate\\Container\\Container.php(754): Illuminate\\Container\\BoundMethod::call(Object(Illuminate\\Foundation\\Application), Array, Array, NULL)\n#20 D:\\Herd\\eventcrafter\\vendor\\laravel\\framework\\src\\Illuminate\\Bus\\Dispatcher.php(132): Illuminate\\Container\\Container->call(Array)\n#21 D:\\Herd\\eventcrafter\\vendor\\laravel\\framework\\src\\Illuminate\\Pipeline\\Pipeline.php(169): Illuminate\\Bus\\Dispatcher->Illuminate\\Bus\\{closure}(Object(App\\Jobs\\SendRegisterEmailJob))\n#22 D:\\Herd\\eventcrafter\\vendor\\laravel\\framework\\src\\Illuminate\\Pipeline\\Pipeline.php(126): Illuminate\\Pipeline\\Pipeline->Illuminate\\Pipeline\\{closure}(Object(App\\Jobs\\SendRegisterEmailJob))\n#23 D:\\Herd\\eventcrafter\\vendor\\laravel\\framework\\src\\Illuminate\\Bus\\Dispatcher.php(136): Illuminate\\Pipeline\\Pipeline->then(Object(Closure))\n#24 D:\\Herd\\eventcrafter\\vendor\\laravel\\framework\\src\\Illuminate\\Queue\\CallQueuedHandler.php(125): Illuminate\\Bus\\Dispatcher->dispatchNow(Object(App\\Jobs\\SendRegisterEmailJob), false)\n#25 D:\\Herd\\eventcrafter\\vendor\\laravel\\framework\\src\\Illuminate\\Pipeline\\Pipeline.php(169): Illuminate\\Queue\\CallQueuedHandler->Illuminate\\Queue\\{closure}(Object(App\\Jobs\\SendRegisterEmailJob))\n#26 D:\\Herd\\eventcrafter\\vendor\\laravel\\framework\\src\\Illuminate\\Pipeline\\Pipeline.php(126): Illuminate\\Pipeline\\Pipeline->Illuminate\\Pipeline\\{closure}(Object(App\\Jobs\\SendRegisterEmailJob))\n#27 D:\\Herd\\eventcrafter\\vendor\\laravel\\framework\\src\\Illuminate\\Queue\\CallQueuedHandler.php(120): Illuminate\\Pipeline\\Pipeline->then(Object(Closure))\n#28 D:\\Herd\\eventcrafter\\vendor\\laravel\\framework\\src\\Illuminate\\Queue\\CallQueuedHandler.php(68): Illuminate\\Queue\\CallQueuedHandler->dispatchThroughMiddleware(Object(Illuminate\\Queue\\Jobs\\DatabaseJob), Object(App\\Jobs\\SendRegisterEmailJob))\n#29 D:\\Herd\\eventcrafter\\vendor\\laravel\\framework\\src\\Illuminate\\Queue\\Jobs\\Job.php(102): Illuminate\\Queue\\CallQueuedHandler->call(Object(Illuminate\\Queue\\Jobs\\DatabaseJob), Array)\n#30 D:\\Herd\\eventcrafter\\vendor\\laravel\\framework\\src\\Illuminate\\Queue\\Worker.php(444): Illuminate\\Queue\\Jobs\\Job->fire()\n#31 D:\\Herd\\eventcrafter\\vendor\\laravel\\framework\\src\\Illuminate\\Queue\\Worker.php(394): Illuminate\\Queue\\Worker->process(\'database\', Object(Illuminate\\Queue\\Jobs\\DatabaseJob), Object(Illuminate\\Queue\\WorkerOptions))\n#32 D:\\Herd\\eventcrafter\\vendor\\laravel\\framework\\src\\Illuminate\\Queue\\Worker.php(180): Illuminate\\Queue\\Worker->runJob(Object(Illuminate\\Queue\\Jobs\\DatabaseJob), \'database\', Object(Illuminate\\Queue\\WorkerOptions))\n#33 D:\\Herd\\eventcrafter\\vendor\\laravel\\framework\\src\\Illuminate\\Queue\\Console\\WorkCommand.php(148): Illuminate\\Queue\\Worker->daemon(\'database\', \'default\', Object(Illuminate\\Queue\\WorkerOptions))\n#34 D:\\Herd\\eventcrafter\\vendor\\laravel\\framework\\src\\Illuminate\\Queue\\Console\\WorkCommand.php(131): Illuminate\\Queue\\Console\\WorkCommand->runWorker(\'database\', \'default\')\n#35 D:\\Herd\\eventcrafter\\vendor\\laravel\\framework\\src\\Illuminate\\Container\\BoundMethod.php(36): Illuminate\\Queue\\Console\\WorkCommand->handle()\n#36 D:\\Herd\\eventcrafter\\vendor\\laravel\\framework\\src\\Illuminate\\Container\\Util.php(43): Illuminate\\Container\\BoundMethod::Illuminate\\Container\\{closure}()\n#37 D:\\Herd\\eventcrafter\\vendor\\laravel\\framework\\src\\Illuminate\\Container\\BoundMethod.php(96): Illuminate\\Container\\Util::unwrapIfClosure(Object(Closure))\n#38 D:\\Herd\\eventcrafter\\vendor\\laravel\\framework\\src\\Illuminate\\Container\\BoundMethod.php(35): Illuminate\\Container\\BoundMethod::callBoundMethod(Object(Illuminate\\Foundation\\Application), Array, Object(Closure))\n#39 D:\\Herd\\eventcrafter\\vendor\\laravel\\framework\\src\\Illuminate\\Container\\Container.php(754): Illuminate\\Container\\BoundMethod::call(Object(Illuminate\\Foundation\\Application), Array, Array, NULL)\n#40 D:\\Herd\\eventcrafter\\vendor\\laravel\\framework\\src\\Illuminate\\Console\\Command.php(211): Illuminate\\Container\\Container->call(Array)\n#41 D:\\Herd\\eventcrafter\\vendor\\symfony\\console\\Command\\Command.php(318): Illuminate\\Console\\Command->execute(Object(Symfony\\Component\\Console\\Input\\ArgvInput), Object(Illuminate\\Console\\OutputStyle))\n#42 D:\\Herd\\eventcrafter\\vendor\\laravel\\framework\\src\\Illuminate\\Console\\Command.php(180): Symfony\\Component\\Console\\Command\\Command->run(Object(Symfony\\Component\\Console\\Input\\ArgvInput), Object(Illuminate\\Console\\OutputStyle))\n#43 D:\\Herd\\eventcrafter\\vendor\\symfony\\console\\Application.php(1092): Illuminate\\Console\\Command->run(Object(Symfony\\Component\\Console\\Input\\ArgvInput), Object(Symfony\\Component\\Console\\Output\\ConsoleOutput))\n#44 D:\\Herd\\eventcrafter\\vendor\\symfony\\console\\Application.php(341): Symfony\\Component\\Console\\Application->doRunCommand(Object(Illuminate\\Queue\\Console\\WorkCommand), Object(Symfony\\Component\\Console\\Input\\ArgvInput), Object(Symfony\\Component\\Console\\Output\\ConsoleOutput))\n#45 D:\\Herd\\eventcrafter\\vendor\\symfony\\console\\Application.php(192): Symfony\\Component\\Console\\Application->doRun(Object(Symfony\\Component\\Console\\Input\\ArgvInput), Object(Symfony\\Component\\Console\\Output\\ConsoleOutput))\n#46 D:\\Herd\\eventcrafter\\vendor\\laravel\\framework\\src\\Illuminate\\Foundation\\Console\\Kernel.php(197): Symfony\\Component\\Console\\Application->run(Object(Symfony\\Component\\Console\\Input\\ArgvInput), Object(Symfony\\Component\\Console\\Output\\ConsoleOutput))\n#47 D:\\Herd\\eventcrafter\\vendor\\laravel\\framework\\src\\Illuminate\\Foundation\\Application.php(1234): Illuminate\\Foundation\\Console\\Kernel->handle(Object(Symfony\\Component\\Console\\Input\\ArgvInput), Object(Symfony\\Component\\Console\\Output\\ConsoleOutput))\n#48 D:\\Herd\\eventcrafter\\artisan(16): Illuminate\\Foundation\\Application->handleCommand(Object(Symfony\\Component\\Console\\Input\\ArgvInput))\n#49 {main}','2025-06-30 14:23:06'),(2,'5f64df75-a216-4a95-9001-ccdc62578397','database','default','{\"uuid\":\"5f64df75-a216-4a95-9001-ccdc62578397\",\"displayName\":\"App\\\\Jobs\\\\SendBookingConfirmedEmail\",\"job\":\"Illuminate\\\\Queue\\\\CallQueuedHandler@call\",\"maxTries\":null,\"maxExceptions\":null,\"failOnTimeout\":false,\"backoff\":null,\"timeout\":null,\"retryUntil\":null,\"data\":{\"commandName\":\"App\\\\Jobs\\\\SendBookingConfirmedEmail\",\"command\":\"O:34:\\\"App\\\\Jobs\\\\SendBookingConfirmedEmail\\\":4:{s:5:\\\"email\\\";s:22:\\\"jamesaaron12@gmail.com\\\";s:4:\\\"user\\\";O:45:\\\"Illuminate\\\\Contracts\\\\Database\\\\ModelIdentifier\\\":5:{s:5:\\\"class\\\";s:15:\\\"App\\\\Models\\\\User\\\";s:2:\\\"id\\\";i:5;s:9:\\\"relations\\\";a:0:{}s:10:\\\"connection\\\";s:5:\\\"mysql\\\";s:15:\\\"collectionClass\\\";N;}s:5:\\\"event\\\";O:45:\\\"Illuminate\\\\Contracts\\\\Database\\\\ModelIdentifier\\\":5:{s:5:\\\"class\\\";s:16:\\\"App\\\\Models\\\\Event\\\";s:2:\\\"id\\\";i:6;s:9:\\\"relations\\\";a:0:{}s:10:\\\"connection\\\";s:5:\\\"mysql\\\";s:15:\\\"collectionClass\\\";N;}s:7:\\\"booking\\\";O:45:\\\"Illuminate\\\\Contracts\\\\Database\\\\ModelIdentifier\\\":5:{s:5:\\\"class\\\";s:18:\\\"App\\\\Models\\\\Booking\\\";s:2:\\\"id\\\";i:16;s:9:\\\"relations\\\";a:0:{}s:10:\\\"connection\\\";s:5:\\\"mysql\\\";s:15:\\\"collectionClass\\\";N;}}\"},\"createdAt\":1751293423,\"delay\":null}','Symfony\\Component\\Mailer\\Exception\\TransportException: Connection could not be established with host \"smtp.gmail.com:587\": stream_socket_client(): php_network_getaddresses: getaddrinfo for smtp.gmail.com failed: No such host is known.  in D:\\Herd\\eventcrafter\\vendor\\symfony\\mailer\\Transport\\Smtp\\Stream\\SocketStream.php:154\nStack trace:\n#0 [internal function]: Symfony\\Component\\Mailer\\Transport\\Smtp\\Stream\\SocketStream->Symfony\\Component\\Mailer\\Transport\\Smtp\\Stream\\{closure}(2, \'stream_socket_c...\', \'D:\\\\Herd\\\\eventcr...\', 157)\n#1 D:\\Herd\\eventcrafter\\vendor\\symfony\\mailer\\Transport\\Smtp\\Stream\\SocketStream.php(157): stream_socket_client(\'smtp.gmail.com:...\', 0, \'\', 60.0, 4, Resource id #971)\n#2 D:\\Herd\\eventcrafter\\vendor\\symfony\\mailer\\Transport\\Smtp\\SmtpTransport.php(279): Symfony\\Component\\Mailer\\Transport\\Smtp\\Stream\\SocketStream->initialize()\n#3 D:\\Herd\\eventcrafter\\vendor\\symfony\\mailer\\Transport\\Smtp\\SmtpTransport.php(211): Symfony\\Component\\Mailer\\Transport\\Smtp\\SmtpTransport->start()\n#4 D:\\Herd\\eventcrafter\\vendor\\symfony\\mailer\\Transport\\AbstractTransport.php(69): Symfony\\Component\\Mailer\\Transport\\Smtp\\SmtpTransport->doSend(Object(Symfony\\Component\\Mailer\\SentMessage))\n#5 D:\\Herd\\eventcrafter\\vendor\\symfony\\mailer\\Transport\\Smtp\\SmtpTransport.php(138): Symfony\\Component\\Mailer\\Transport\\AbstractTransport->send(Object(Symfony\\Component\\Mime\\Email), Object(Symfony\\Component\\Mailer\\DelayedEnvelope))\n#6 D:\\Herd\\eventcrafter\\vendor\\laravel\\framework\\src\\Illuminate\\Mail\\Mailer.php(584): Symfony\\Component\\Mailer\\Transport\\Smtp\\SmtpTransport->send(Object(Symfony\\Component\\Mime\\Email), Object(Symfony\\Component\\Mailer\\DelayedEnvelope))\n#7 D:\\Herd\\eventcrafter\\vendor\\laravel\\framework\\src\\Illuminate\\Mail\\Mailer.php(331): Illuminate\\Mail\\Mailer->sendSymfonyMessage(Object(Symfony\\Component\\Mime\\Email))\n#8 D:\\Herd\\eventcrafter\\vendor\\laravel\\framework\\src\\Illuminate\\Mail\\Mailable.php(207): Illuminate\\Mail\\Mailer->send(\'mails.booking_c...\', Array, Object(Closure))\n#9 D:\\Herd\\eventcrafter\\vendor\\laravel\\framework\\src\\Illuminate\\Support\\Traits\\Localizable.php(19): Illuminate\\Mail\\Mailable->Illuminate\\Mail\\{closure}()\n#10 D:\\Herd\\eventcrafter\\vendor\\laravel\\framework\\src\\Illuminate\\Mail\\Mailable.php(200): Illuminate\\Mail\\Mailable->withLocale(NULL, Object(Closure))\n#11 D:\\Herd\\eventcrafter\\vendor\\laravel\\framework\\src\\Illuminate\\Mail\\Mailer.php(353): Illuminate\\Mail\\Mailable->send(Object(Illuminate\\Mail\\Mailer))\n#12 D:\\Herd\\eventcrafter\\vendor\\laravel\\framework\\src\\Illuminate\\Mail\\Mailer.php(300): Illuminate\\Mail\\Mailer->sendMailable(Object(App\\Mail\\BookingConfirmed))\n#13 D:\\Herd\\eventcrafter\\vendor\\laravel\\framework\\src\\Illuminate\\Mail\\PendingMail.php(123): Illuminate\\Mail\\Mailer->send(Object(App\\Mail\\BookingConfirmed))\n#14 D:\\Herd\\eventcrafter\\app\\Jobs\\SendBookingConfirmedEmail.php(34): Illuminate\\Mail\\PendingMail->send(Object(App\\Mail\\BookingConfirmed))\n#15 D:\\Herd\\eventcrafter\\vendor\\laravel\\framework\\src\\Illuminate\\Container\\BoundMethod.php(36): App\\Jobs\\SendBookingConfirmedEmail->handle()\n#16 D:\\Herd\\eventcrafter\\vendor\\laravel\\framework\\src\\Illuminate\\Container\\Util.php(43): Illuminate\\Container\\BoundMethod::Illuminate\\Container\\{closure}()\n#17 D:\\Herd\\eventcrafter\\vendor\\laravel\\framework\\src\\Illuminate\\Container\\BoundMethod.php(96): Illuminate\\Container\\Util::unwrapIfClosure(Object(Closure))\n#18 D:\\Herd\\eventcrafter\\vendor\\laravel\\framework\\src\\Illuminate\\Container\\BoundMethod.php(35): Illuminate\\Container\\BoundMethod::callBoundMethod(Object(Illuminate\\Foundation\\Application), Array, Object(Closure))\n#19 D:\\Herd\\eventcrafter\\vendor\\laravel\\framework\\src\\Illuminate\\Container\\Container.php(754): Illuminate\\Container\\BoundMethod::call(Object(Illuminate\\Foundation\\Application), Array, Array, NULL)\n#20 D:\\Herd\\eventcrafter\\vendor\\laravel\\framework\\src\\Illuminate\\Bus\\Dispatcher.php(132): Illuminate\\Container\\Container->call(Array)\n#21 D:\\Herd\\eventcrafter\\vendor\\laravel\\framework\\src\\Illuminate\\Pipeline\\Pipeline.php(169): Illuminate\\Bus\\Dispatcher->Illuminate\\Bus\\{closure}(Object(App\\Jobs\\SendBookingConfirmedEmail))\n#22 D:\\Herd\\eventcrafter\\vendor\\laravel\\framework\\src\\Illuminate\\Pipeline\\Pipeline.php(126): Illuminate\\Pipeline\\Pipeline->Illuminate\\Pipeline\\{closure}(Object(App\\Jobs\\SendBookingConfirmedEmail))\n#23 D:\\Herd\\eventcrafter\\vendor\\laravel\\framework\\src\\Illuminate\\Bus\\Dispatcher.php(136): Illuminate\\Pipeline\\Pipeline->then(Object(Closure))\n#24 D:\\Herd\\eventcrafter\\vendor\\laravel\\framework\\src\\Illuminate\\Queue\\CallQueuedHandler.php(125): Illuminate\\Bus\\Dispatcher->dispatchNow(Object(App\\Jobs\\SendBookingConfirmedEmail), false)\n#25 D:\\Herd\\eventcrafter\\vendor\\laravel\\framework\\src\\Illuminate\\Pipeline\\Pipeline.php(169): Illuminate\\Queue\\CallQueuedHandler->Illuminate\\Queue\\{closure}(Object(App\\Jobs\\SendBookingConfirmedEmail))\n#26 D:\\Herd\\eventcrafter\\vendor\\laravel\\framework\\src\\Illuminate\\Pipeline\\Pipeline.php(126): Illuminate\\Pipeline\\Pipeline->Illuminate\\Pipeline\\{closure}(Object(App\\Jobs\\SendBookingConfirmedEmail))\n#27 D:\\Herd\\eventcrafter\\vendor\\laravel\\framework\\src\\Illuminate\\Queue\\CallQueuedHandler.php(120): Illuminate\\Pipeline\\Pipeline->then(Object(Closure))\n#28 D:\\Herd\\eventcrafter\\vendor\\laravel\\framework\\src\\Illuminate\\Queue\\CallQueuedHandler.php(68): Illuminate\\Queue\\CallQueuedHandler->dispatchThroughMiddleware(Object(Illuminate\\Queue\\Jobs\\DatabaseJob), Object(App\\Jobs\\SendBookingConfirmedEmail))\n#29 D:\\Herd\\eventcrafter\\vendor\\laravel\\framework\\src\\Illuminate\\Queue\\Jobs\\Job.php(102): Illuminate\\Queue\\CallQueuedHandler->call(Object(Illuminate\\Queue\\Jobs\\DatabaseJob), Array)\n#30 D:\\Herd\\eventcrafter\\vendor\\laravel\\framework\\src\\Illuminate\\Queue\\Worker.php(444): Illuminate\\Queue\\Jobs\\Job->fire()\n#31 D:\\Herd\\eventcrafter\\vendor\\laravel\\framework\\src\\Illuminate\\Queue\\Worker.php(394): Illuminate\\Queue\\Worker->process(\'database\', Object(Illuminate\\Queue\\Jobs\\DatabaseJob), Object(Illuminate\\Queue\\WorkerOptions))\n#32 D:\\Herd\\eventcrafter\\vendor\\laravel\\framework\\src\\Illuminate\\Queue\\Worker.php(180): Illuminate\\Queue\\Worker->runJob(Object(Illuminate\\Queue\\Jobs\\DatabaseJob), \'database\', Object(Illuminate\\Queue\\WorkerOptions))\n#33 D:\\Herd\\eventcrafter\\vendor\\laravel\\framework\\src\\Illuminate\\Queue\\Console\\WorkCommand.php(148): Illuminate\\Queue\\Worker->daemon(\'database\', \'default\', Object(Illuminate\\Queue\\WorkerOptions))\n#34 D:\\Herd\\eventcrafter\\vendor\\laravel\\framework\\src\\Illuminate\\Queue\\Console\\WorkCommand.php(131): Illuminate\\Queue\\Console\\WorkCommand->runWorker(\'database\', \'default\')\n#35 D:\\Herd\\eventcrafter\\vendor\\laravel\\framework\\src\\Illuminate\\Container\\BoundMethod.php(36): Illuminate\\Queue\\Console\\WorkCommand->handle()\n#36 D:\\Herd\\eventcrafter\\vendor\\laravel\\framework\\src\\Illuminate\\Container\\Util.php(43): Illuminate\\Container\\BoundMethod::Illuminate\\Container\\{closure}()\n#37 D:\\Herd\\eventcrafter\\vendor\\laravel\\framework\\src\\Illuminate\\Container\\BoundMethod.php(96): Illuminate\\Container\\Util::unwrapIfClosure(Object(Closure))\n#38 D:\\Herd\\eventcrafter\\vendor\\laravel\\framework\\src\\Illuminate\\Container\\BoundMethod.php(35): Illuminate\\Container\\BoundMethod::callBoundMethod(Object(Illuminate\\Foundation\\Application), Array, Object(Closure))\n#39 D:\\Herd\\eventcrafter\\vendor\\laravel\\framework\\src\\Illuminate\\Container\\Container.php(754): Illuminate\\Container\\BoundMethod::call(Object(Illuminate\\Foundation\\Application), Array, Array, NULL)\n#40 D:\\Herd\\eventcrafter\\vendor\\laravel\\framework\\src\\Illuminate\\Console\\Command.php(211): Illuminate\\Container\\Container->call(Array)\n#41 D:\\Herd\\eventcrafter\\vendor\\symfony\\console\\Command\\Command.php(318): Illuminate\\Console\\Command->execute(Object(Symfony\\Component\\Console\\Input\\ArgvInput), Object(Illuminate\\Console\\OutputStyle))\n#42 D:\\Herd\\eventcrafter\\vendor\\laravel\\framework\\src\\Illuminate\\Console\\Command.php(180): Symfony\\Component\\Console\\Command\\Command->run(Object(Symfony\\Component\\Console\\Input\\ArgvInput), Object(Illuminate\\Console\\OutputStyle))\n#43 D:\\Herd\\eventcrafter\\vendor\\symfony\\console\\Application.php(1092): Illuminate\\Console\\Command->run(Object(Symfony\\Component\\Console\\Input\\ArgvInput), Object(Symfony\\Component\\Console\\Output\\ConsoleOutput))\n#44 D:\\Herd\\eventcrafter\\vendor\\symfony\\console\\Application.php(341): Symfony\\Component\\Console\\Application->doRunCommand(Object(Illuminate\\Queue\\Console\\WorkCommand), Object(Symfony\\Component\\Console\\Input\\ArgvInput), Object(Symfony\\Component\\Console\\Output\\ConsoleOutput))\n#45 D:\\Herd\\eventcrafter\\vendor\\symfony\\console\\Application.php(192): Symfony\\Component\\Console\\Application->doRun(Object(Symfony\\Component\\Console\\Input\\ArgvInput), Object(Symfony\\Component\\Console\\Output\\ConsoleOutput))\n#46 D:\\Herd\\eventcrafter\\vendor\\laravel\\framework\\src\\Illuminate\\Foundation\\Console\\Kernel.php(197): Symfony\\Component\\Console\\Application->run(Object(Symfony\\Component\\Console\\Input\\ArgvInput), Object(Symfony\\Component\\Console\\Output\\ConsoleOutput))\n#47 D:\\Herd\\eventcrafter\\vendor\\laravel\\framework\\src\\Illuminate\\Foundation\\Application.php(1234): Illuminate\\Foundation\\Console\\Kernel->handle(Object(Symfony\\Component\\Console\\Input\\ArgvInput), Object(Symfony\\Component\\Console\\Output\\ConsoleOutput))\n#48 D:\\Herd\\eventcrafter\\artisan(16): Illuminate\\Foundation\\Application->handleCommand(Object(Symfony\\Component\\Console\\Input\\ArgvInput))\n#49 {main}','2025-06-30 14:23:45'),(3,'072924a8-be9e-4b3a-ac2c-24c7df380ec1','database','default','{\"uuid\":\"072924a8-be9e-4b3a-ac2c-24c7df380ec1\",\"displayName\":\"App\\\\Jobs\\\\SendBookingCancelledEmail\",\"job\":\"Illuminate\\\\Queue\\\\CallQueuedHandler@call\",\"maxTries\":null,\"maxExceptions\":null,\"failOnTimeout\":false,\"backoff\":null,\"timeout\":null,\"retryUntil\":null,\"data\":{\"commandName\":\"App\\\\Jobs\\\\SendBookingCancelledEmail\",\"command\":\"O:34:\\\"App\\\\Jobs\\\\SendBookingCancelledEmail\\\":4:{s:4:\\\"user\\\";O:45:\\\"Illuminate\\\\Contracts\\\\Database\\\\ModelIdentifier\\\":5:{s:5:\\\"class\\\";s:15:\\\"App\\\\Models\\\\User\\\";s:2:\\\"id\\\";i:5;s:9:\\\"relations\\\";a:0:{}s:10:\\\"connection\\\";s:5:\\\"mysql\\\";s:15:\\\"collectionClass\\\";N;}s:5:\\\"event\\\";O:45:\\\"Illuminate\\\\Contracts\\\\Database\\\\ModelIdentifier\\\":5:{s:5:\\\"class\\\";s:16:\\\"App\\\\Models\\\\Event\\\";s:2:\\\"id\\\";i:6;s:9:\\\"relations\\\";a:0:{}s:10:\\\"connection\\\";s:5:\\\"mysql\\\";s:15:\\\"collectionClass\\\";N;}s:7:\\\"booking\\\";O:8:\\\"stdClass\\\":9:{s:2:\\\"id\\\";i:16;s:7:\\\"user_id\\\";i:5;s:8:\\\"event_id\\\";i:6;s:12:\\\"booking_date\\\";s:10:\\\"2025-06-30\\\";s:17:\\\"number_of_tickets\\\";i:26;s:11:\\\"amount_paid\\\";i:2600;s:6:\\\"status\\\";s:9:\\\"confirmed\\\";s:10:\\\"created_at\\\";s:27:\\\"2025-06-30T14:23:43.000000Z\\\";s:10:\\\"updated_at\\\";s:27:\\\"2025-06-30T14:23:43.000000Z\\\";}s:5:\\\"email\\\";s:22:\\\"jamesaaron12@gmail.com\\\";}\"},\"createdAt\":1751293446,\"delay\":null}','Symfony\\Component\\Mailer\\Exception\\TransportException: Connection could not be established with host \"smtp.gmail.com:587\": stream_socket_client(): php_network_getaddresses: getaddrinfo for smtp.gmail.com failed: No such host is known.  in D:\\Herd\\eventcrafter\\vendor\\symfony\\mailer\\Transport\\Smtp\\Stream\\SocketStream.php:154\nStack trace:\n#0 [internal function]: Symfony\\Component\\Mailer\\Transport\\Smtp\\Stream\\SocketStream->Symfony\\Component\\Mailer\\Transport\\Smtp\\Stream\\{closure}(2, \'stream_socket_c...\', \'D:\\\\Herd\\\\eventcr...\', 157)\n#1 D:\\Herd\\eventcrafter\\vendor\\symfony\\mailer\\Transport\\Smtp\\Stream\\SocketStream.php(157): stream_socket_client(\'smtp.gmail.com:...\', 0, \'\', 60.0, 4, Resource id #976)\n#2 D:\\Herd\\eventcrafter\\vendor\\symfony\\mailer\\Transport\\Smtp\\SmtpTransport.php(279): Symfony\\Component\\Mailer\\Transport\\Smtp\\Stream\\SocketStream->initialize()\n#3 D:\\Herd\\eventcrafter\\vendor\\symfony\\mailer\\Transport\\Smtp\\SmtpTransport.php(211): Symfony\\Component\\Mailer\\Transport\\Smtp\\SmtpTransport->start()\n#4 D:\\Herd\\eventcrafter\\vendor\\symfony\\mailer\\Transport\\AbstractTransport.php(69): Symfony\\Component\\Mailer\\Transport\\Smtp\\SmtpTransport->doSend(Object(Symfony\\Component\\Mailer\\SentMessage))\n#5 D:\\Herd\\eventcrafter\\vendor\\symfony\\mailer\\Transport\\Smtp\\SmtpTransport.php(138): Symfony\\Component\\Mailer\\Transport\\AbstractTransport->send(Object(Symfony\\Component\\Mime\\Email), Object(Symfony\\Component\\Mailer\\DelayedEnvelope))\n#6 D:\\Herd\\eventcrafter\\vendor\\laravel\\framework\\src\\Illuminate\\Mail\\Mailer.php(584): Symfony\\Component\\Mailer\\Transport\\Smtp\\SmtpTransport->send(Object(Symfony\\Component\\Mime\\Email), Object(Symfony\\Component\\Mailer\\DelayedEnvelope))\n#7 D:\\Herd\\eventcrafter\\vendor\\laravel\\framework\\src\\Illuminate\\Mail\\Mailer.php(331): Illuminate\\Mail\\Mailer->sendSymfonyMessage(Object(Symfony\\Component\\Mime\\Email))\n#8 D:\\Herd\\eventcrafter\\vendor\\laravel\\framework\\src\\Illuminate\\Mail\\Mailable.php(207): Illuminate\\Mail\\Mailer->send(\'mails.booking_c...\', Array, Object(Closure))\n#9 D:\\Herd\\eventcrafter\\vendor\\laravel\\framework\\src\\Illuminate\\Support\\Traits\\Localizable.php(19): Illuminate\\Mail\\Mailable->Illuminate\\Mail\\{closure}()\n#10 D:\\Herd\\eventcrafter\\vendor\\laravel\\framework\\src\\Illuminate\\Mail\\Mailable.php(200): Illuminate\\Mail\\Mailable->withLocale(NULL, Object(Closure))\n#11 D:\\Herd\\eventcrafter\\vendor\\laravel\\framework\\src\\Illuminate\\Mail\\Mailer.php(353): Illuminate\\Mail\\Mailable->send(Object(Illuminate\\Mail\\Mailer))\n#12 D:\\Herd\\eventcrafter\\vendor\\laravel\\framework\\src\\Illuminate\\Mail\\Mailer.php(300): Illuminate\\Mail\\Mailer->sendMailable(Object(App\\Mail\\BookingCancelled))\n#13 D:\\Herd\\eventcrafter\\vendor\\laravel\\framework\\src\\Illuminate\\Mail\\PendingMail.php(123): Illuminate\\Mail\\Mailer->send(Object(App\\Mail\\BookingCancelled))\n#14 D:\\Herd\\eventcrafter\\app\\Jobs\\SendBookingCancelledEmail.php(32): Illuminate\\Mail\\PendingMail->send(Object(App\\Mail\\BookingCancelled))\n#15 D:\\Herd\\eventcrafter\\vendor\\laravel\\framework\\src\\Illuminate\\Container\\BoundMethod.php(36): App\\Jobs\\SendBookingCancelledEmail->handle()\n#16 D:\\Herd\\eventcrafter\\vendor\\laravel\\framework\\src\\Illuminate\\Container\\Util.php(43): Illuminate\\Container\\BoundMethod::Illuminate\\Container\\{closure}()\n#17 D:\\Herd\\eventcrafter\\vendor\\laravel\\framework\\src\\Illuminate\\Container\\BoundMethod.php(96): Illuminate\\Container\\Util::unwrapIfClosure(Object(Closure))\n#18 D:\\Herd\\eventcrafter\\vendor\\laravel\\framework\\src\\Illuminate\\Container\\BoundMethod.php(35): Illuminate\\Container\\BoundMethod::callBoundMethod(Object(Illuminate\\Foundation\\Application), Array, Object(Closure))\n#19 D:\\Herd\\eventcrafter\\vendor\\laravel\\framework\\src\\Illuminate\\Container\\Container.php(754): Illuminate\\Container\\BoundMethod::call(Object(Illuminate\\Foundation\\Application), Array, Array, NULL)\n#20 D:\\Herd\\eventcrafter\\vendor\\laravel\\framework\\src\\Illuminate\\Bus\\Dispatcher.php(132): Illuminate\\Container\\Container->call(Array)\n#21 D:\\Herd\\eventcrafter\\vendor\\laravel\\framework\\src\\Illuminate\\Pipeline\\Pipeline.php(169): Illuminate\\Bus\\Dispatcher->Illuminate\\Bus\\{closure}(Object(App\\Jobs\\SendBookingCancelledEmail))\n#22 D:\\Herd\\eventcrafter\\vendor\\laravel\\framework\\src\\Illuminate\\Pipeline\\Pipeline.php(126): Illuminate\\Pipeline\\Pipeline->Illuminate\\Pipeline\\{closure}(Object(App\\Jobs\\SendBookingCancelledEmail))\n#23 D:\\Herd\\eventcrafter\\vendor\\laravel\\framework\\src\\Illuminate\\Bus\\Dispatcher.php(136): Illuminate\\Pipeline\\Pipeline->then(Object(Closure))\n#24 D:\\Herd\\eventcrafter\\vendor\\laravel\\framework\\src\\Illuminate\\Queue\\CallQueuedHandler.php(125): Illuminate\\Bus\\Dispatcher->dispatchNow(Object(App\\Jobs\\SendBookingCancelledEmail), false)\n#25 D:\\Herd\\eventcrafter\\vendor\\laravel\\framework\\src\\Illuminate\\Pipeline\\Pipeline.php(169): Illuminate\\Queue\\CallQueuedHandler->Illuminate\\Queue\\{closure}(Object(App\\Jobs\\SendBookingCancelledEmail))\n#26 D:\\Herd\\eventcrafter\\vendor\\laravel\\framework\\src\\Illuminate\\Pipeline\\Pipeline.php(126): Illuminate\\Pipeline\\Pipeline->Illuminate\\Pipeline\\{closure}(Object(App\\Jobs\\SendBookingCancelledEmail))\n#27 D:\\Herd\\eventcrafter\\vendor\\laravel\\framework\\src\\Illuminate\\Queue\\CallQueuedHandler.php(120): Illuminate\\Pipeline\\Pipeline->then(Object(Closure))\n#28 D:\\Herd\\eventcrafter\\vendor\\laravel\\framework\\src\\Illuminate\\Queue\\CallQueuedHandler.php(68): Illuminate\\Queue\\CallQueuedHandler->dispatchThroughMiddleware(Object(Illuminate\\Queue\\Jobs\\DatabaseJob), Object(App\\Jobs\\SendBookingCancelledEmail))\n#29 D:\\Herd\\eventcrafter\\vendor\\laravel\\framework\\src\\Illuminate\\Queue\\Jobs\\Job.php(102): Illuminate\\Queue\\CallQueuedHandler->call(Object(Illuminate\\Queue\\Jobs\\DatabaseJob), Array)\n#30 D:\\Herd\\eventcrafter\\vendor\\laravel\\framework\\src\\Illuminate\\Queue\\Worker.php(444): Illuminate\\Queue\\Jobs\\Job->fire()\n#31 D:\\Herd\\eventcrafter\\vendor\\laravel\\framework\\src\\Illuminate\\Queue\\Worker.php(394): Illuminate\\Queue\\Worker->process(\'database\', Object(Illuminate\\Queue\\Jobs\\DatabaseJob), Object(Illuminate\\Queue\\WorkerOptions))\n#32 D:\\Herd\\eventcrafter\\vendor\\laravel\\framework\\src\\Illuminate\\Queue\\Worker.php(180): Illuminate\\Queue\\Worker->runJob(Object(Illuminate\\Queue\\Jobs\\DatabaseJob), \'database\', Object(Illuminate\\Queue\\WorkerOptions))\n#33 D:\\Herd\\eventcrafter\\vendor\\laravel\\framework\\src\\Illuminate\\Queue\\Console\\WorkCommand.php(148): Illuminate\\Queue\\Worker->daemon(\'database\', \'default\', Object(Illuminate\\Queue\\WorkerOptions))\n#34 D:\\Herd\\eventcrafter\\vendor\\laravel\\framework\\src\\Illuminate\\Queue\\Console\\WorkCommand.php(131): Illuminate\\Queue\\Console\\WorkCommand->runWorker(\'database\', \'default\')\n#35 D:\\Herd\\eventcrafter\\vendor\\laravel\\framework\\src\\Illuminate\\Container\\BoundMethod.php(36): Illuminate\\Queue\\Console\\WorkCommand->handle()\n#36 D:\\Herd\\eventcrafter\\vendor\\laravel\\framework\\src\\Illuminate\\Container\\Util.php(43): Illuminate\\Container\\BoundMethod::Illuminate\\Container\\{closure}()\n#37 D:\\Herd\\eventcrafter\\vendor\\laravel\\framework\\src\\Illuminate\\Container\\BoundMethod.php(96): Illuminate\\Container\\Util::unwrapIfClosure(Object(Closure))\n#38 D:\\Herd\\eventcrafter\\vendor\\laravel\\framework\\src\\Illuminate\\Container\\BoundMethod.php(35): Illuminate\\Container\\BoundMethod::callBoundMethod(Object(Illuminate\\Foundation\\Application), Array, Object(Closure))\n#39 D:\\Herd\\eventcrafter\\vendor\\laravel\\framework\\src\\Illuminate\\Container\\Container.php(754): Illuminate\\Container\\BoundMethod::call(Object(Illuminate\\Foundation\\Application), Array, Array, NULL)\n#40 D:\\Herd\\eventcrafter\\vendor\\laravel\\framework\\src\\Illuminate\\Console\\Command.php(211): Illuminate\\Container\\Container->call(Array)\n#41 D:\\Herd\\eventcrafter\\vendor\\symfony\\console\\Command\\Command.php(318): Illuminate\\Console\\Command->execute(Object(Symfony\\Component\\Console\\Input\\ArgvInput), Object(Illuminate\\Console\\OutputStyle))\n#42 D:\\Herd\\eventcrafter\\vendor\\laravel\\framework\\src\\Illuminate\\Console\\Command.php(180): Symfony\\Component\\Console\\Command\\Command->run(Object(Symfony\\Component\\Console\\Input\\ArgvInput), Object(Illuminate\\Console\\OutputStyle))\n#43 D:\\Herd\\eventcrafter\\vendor\\symfony\\console\\Application.php(1092): Illuminate\\Console\\Command->run(Object(Symfony\\Component\\Console\\Input\\ArgvInput), Object(Symfony\\Component\\Console\\Output\\ConsoleOutput))\n#44 D:\\Herd\\eventcrafter\\vendor\\symfony\\console\\Application.php(341): Symfony\\Component\\Console\\Application->doRunCommand(Object(Illuminate\\Queue\\Console\\WorkCommand), Object(Symfony\\Component\\Console\\Input\\ArgvInput), Object(Symfony\\Component\\Console\\Output\\ConsoleOutput))\n#45 D:\\Herd\\eventcrafter\\vendor\\symfony\\console\\Application.php(192): Symfony\\Component\\Console\\Application->doRun(Object(Symfony\\Component\\Console\\Input\\ArgvInput), Object(Symfony\\Component\\Console\\Output\\ConsoleOutput))\n#46 D:\\Herd\\eventcrafter\\vendor\\laravel\\framework\\src\\Illuminate\\Foundation\\Console\\Kernel.php(197): Symfony\\Component\\Console\\Application->run(Object(Symfony\\Component\\Console\\Input\\ArgvInput), Object(Symfony\\Component\\Console\\Output\\ConsoleOutput))\n#47 D:\\Herd\\eventcrafter\\vendor\\laravel\\framework\\src\\Illuminate\\Foundation\\Application.php(1234): Illuminate\\Foundation\\Console\\Kernel->handle(Object(Symfony\\Component\\Console\\Input\\ArgvInput), Object(Symfony\\Component\\Console\\Output\\ConsoleOutput))\n#48 D:\\Herd\\eventcrafter\\artisan(16): Illuminate\\Foundation\\Application->handleCommand(Object(Symfony\\Component\\Console\\Input\\ArgvInput))\n#49 {main}','2025-06-30 14:24:06'),(4,'35508fa8-165d-4b3a-9f1a-07b4fcef4858','database','default','{\"uuid\":\"35508fa8-165d-4b3a-9f1a-07b4fcef4858\",\"displayName\":\"App\\\\Jobs\\\\SendBookingConfirmedEmail\",\"job\":\"Illuminate\\\\Queue\\\\CallQueuedHandler@call\",\"maxTries\":null,\"maxExceptions\":null,\"failOnTimeout\":false,\"backoff\":null,\"timeout\":null,\"retryUntil\":null,\"data\":{\"commandName\":\"App\\\\Jobs\\\\SendBookingConfirmedEmail\",\"command\":\"O:34:\\\"App\\\\Jobs\\\\SendBookingConfirmedEmail\\\":4:{s:5:\\\"email\\\";s:22:\\\"jamesaaron12@gmail.com\\\";s:4:\\\"user\\\";O:45:\\\"Illuminate\\\\Contracts\\\\Database\\\\ModelIdentifier\\\":5:{s:5:\\\"class\\\";s:15:\\\"App\\\\Models\\\\User\\\";s:2:\\\"id\\\";i:5;s:9:\\\"relations\\\";a:0:{}s:10:\\\"connection\\\";s:5:\\\"mysql\\\";s:15:\\\"collectionClass\\\";N;}s:5:\\\"event\\\";O:45:\\\"Illuminate\\\\Contracts\\\\Database\\\\ModelIdentifier\\\":5:{s:5:\\\"class\\\";s:16:\\\"App\\\\Models\\\\Event\\\";s:2:\\\"id\\\";i:6;s:9:\\\"relations\\\";a:0:{}s:10:\\\"connection\\\";s:5:\\\"mysql\\\";s:15:\\\"collectionClass\\\";N;}s:7:\\\"booking\\\";O:45:\\\"Illuminate\\\\Contracts\\\\Database\\\\ModelIdentifier\\\":5:{s:5:\\\"class\\\";s:18:\\\"App\\\\Models\\\\Booking\\\";s:2:\\\"id\\\";i:17;s:9:\\\"relations\\\";a:0:{}s:10:\\\"connection\\\";s:5:\\\"mysql\\\";s:15:\\\"collectionClass\\\";N;}}\"},\"createdAt\":1751293474,\"delay\":null}','Symfony\\Component\\Mailer\\Exception\\TransportException: Connection could not be established with host \"smtp.gmail.com:587\": stream_socket_client(): php_network_getaddresses: getaddrinfo for smtp.gmail.com failed: No such host is known.  in D:\\Herd\\eventcrafter\\vendor\\symfony\\mailer\\Transport\\Smtp\\Stream\\SocketStream.php:154\nStack trace:\n#0 [internal function]: Symfony\\Component\\Mailer\\Transport\\Smtp\\Stream\\SocketStream->Symfony\\Component\\Mailer\\Transport\\Smtp\\Stream\\{closure}(2, \'stream_socket_c...\', \'D:\\\\Herd\\\\eventcr...\', 157)\n#1 D:\\Herd\\eventcrafter\\vendor\\symfony\\mailer\\Transport\\Smtp\\Stream\\SocketStream.php(157): stream_socket_client(\'smtp.gmail.com:...\', 0, \'\', 60.0, 4, Resource id #979)\n#2 D:\\Herd\\eventcrafter\\vendor\\symfony\\mailer\\Transport\\Smtp\\SmtpTransport.php(279): Symfony\\Component\\Mailer\\Transport\\Smtp\\Stream\\SocketStream->initialize()\n#3 D:\\Herd\\eventcrafter\\vendor\\symfony\\mailer\\Transport\\Smtp\\SmtpTransport.php(211): Symfony\\Component\\Mailer\\Transport\\Smtp\\SmtpTransport->start()\n#4 D:\\Herd\\eventcrafter\\vendor\\symfony\\mailer\\Transport\\AbstractTransport.php(69): Symfony\\Component\\Mailer\\Transport\\Smtp\\SmtpTransport->doSend(Object(Symfony\\Component\\Mailer\\SentMessage))\n#5 D:\\Herd\\eventcrafter\\vendor\\symfony\\mailer\\Transport\\Smtp\\SmtpTransport.php(138): Symfony\\Component\\Mailer\\Transport\\AbstractTransport->send(Object(Symfony\\Component\\Mime\\Email), Object(Symfony\\Component\\Mailer\\DelayedEnvelope))\n#6 D:\\Herd\\eventcrafter\\vendor\\laravel\\framework\\src\\Illuminate\\Mail\\Mailer.php(584): Symfony\\Component\\Mailer\\Transport\\Smtp\\SmtpTransport->send(Object(Symfony\\Component\\Mime\\Email), Object(Symfony\\Component\\Mailer\\DelayedEnvelope))\n#7 D:\\Herd\\eventcrafter\\vendor\\laravel\\framework\\src\\Illuminate\\Mail\\Mailer.php(331): Illuminate\\Mail\\Mailer->sendSymfonyMessage(Object(Symfony\\Component\\Mime\\Email))\n#8 D:\\Herd\\eventcrafter\\vendor\\laravel\\framework\\src\\Illuminate\\Mail\\Mailable.php(207): Illuminate\\Mail\\Mailer->send(\'mails.booking_c...\', Array, Object(Closure))\n#9 D:\\Herd\\eventcrafter\\vendor\\laravel\\framework\\src\\Illuminate\\Support\\Traits\\Localizable.php(19): Illuminate\\Mail\\Mailable->Illuminate\\Mail\\{closure}()\n#10 D:\\Herd\\eventcrafter\\vendor\\laravel\\framework\\src\\Illuminate\\Mail\\Mailable.php(200): Illuminate\\Mail\\Mailable->withLocale(NULL, Object(Closure))\n#11 D:\\Herd\\eventcrafter\\vendor\\laravel\\framework\\src\\Illuminate\\Mail\\Mailer.php(353): Illuminate\\Mail\\Mailable->send(Object(Illuminate\\Mail\\Mailer))\n#12 D:\\Herd\\eventcrafter\\vendor\\laravel\\framework\\src\\Illuminate\\Mail\\Mailer.php(300): Illuminate\\Mail\\Mailer->sendMailable(Object(App\\Mail\\BookingConfirmed))\n#13 D:\\Herd\\eventcrafter\\vendor\\laravel\\framework\\src\\Illuminate\\Mail\\PendingMail.php(123): Illuminate\\Mail\\Mailer->send(Object(App\\Mail\\BookingConfirmed))\n#14 D:\\Herd\\eventcrafter\\app\\Jobs\\SendBookingConfirmedEmail.php(34): Illuminate\\Mail\\PendingMail->send(Object(App\\Mail\\BookingConfirmed))\n#15 D:\\Herd\\eventcrafter\\vendor\\laravel\\framework\\src\\Illuminate\\Container\\BoundMethod.php(36): App\\Jobs\\SendBookingConfirmedEmail->handle()\n#16 D:\\Herd\\eventcrafter\\vendor\\laravel\\framework\\src\\Illuminate\\Container\\Util.php(43): Illuminate\\Container\\BoundMethod::Illuminate\\Container\\{closure}()\n#17 D:\\Herd\\eventcrafter\\vendor\\laravel\\framework\\src\\Illuminate\\Container\\BoundMethod.php(96): Illuminate\\Container\\Util::unwrapIfClosure(Object(Closure))\n#18 D:\\Herd\\eventcrafter\\vendor\\laravel\\framework\\src\\Illuminate\\Container\\BoundMethod.php(35): Illuminate\\Container\\BoundMethod::callBoundMethod(Object(Illuminate\\Foundation\\Application), Array, Object(Closure))\n#19 D:\\Herd\\eventcrafter\\vendor\\laravel\\framework\\src\\Illuminate\\Container\\Container.php(754): Illuminate\\Container\\BoundMethod::call(Object(Illuminate\\Foundation\\Application), Array, Array, NULL)\n#20 D:\\Herd\\eventcrafter\\vendor\\laravel\\framework\\src\\Illuminate\\Bus\\Dispatcher.php(132): Illuminate\\Container\\Container->call(Array)\n#21 D:\\Herd\\eventcrafter\\vendor\\laravel\\framework\\src\\Illuminate\\Pipeline\\Pipeline.php(169): Illuminate\\Bus\\Dispatcher->Illuminate\\Bus\\{closure}(Object(App\\Jobs\\SendBookingConfirmedEmail))\n#22 D:\\Herd\\eventcrafter\\vendor\\laravel\\framework\\src\\Illuminate\\Pipeline\\Pipeline.php(126): Illuminate\\Pipeline\\Pipeline->Illuminate\\Pipeline\\{closure}(Object(App\\Jobs\\SendBookingConfirmedEmail))\n#23 D:\\Herd\\eventcrafter\\vendor\\laravel\\framework\\src\\Illuminate\\Bus\\Dispatcher.php(136): Illuminate\\Pipeline\\Pipeline->then(Object(Closure))\n#24 D:\\Herd\\eventcrafter\\vendor\\laravel\\framework\\src\\Illuminate\\Queue\\CallQueuedHandler.php(125): Illuminate\\Bus\\Dispatcher->dispatchNow(Object(App\\Jobs\\SendBookingConfirmedEmail), false)\n#25 D:\\Herd\\eventcrafter\\vendor\\laravel\\framework\\src\\Illuminate\\Pipeline\\Pipeline.php(169): Illuminate\\Queue\\CallQueuedHandler->Illuminate\\Queue\\{closure}(Object(App\\Jobs\\SendBookingConfirmedEmail))\n#26 D:\\Herd\\eventcrafter\\vendor\\laravel\\framework\\src\\Illuminate\\Pipeline\\Pipeline.php(126): Illuminate\\Pipeline\\Pipeline->Illuminate\\Pipeline\\{closure}(Object(App\\Jobs\\SendBookingConfirmedEmail))\n#27 D:\\Herd\\eventcrafter\\vendor\\laravel\\framework\\src\\Illuminate\\Queue\\CallQueuedHandler.php(120): Illuminate\\Pipeline\\Pipeline->then(Object(Closure))\n#28 D:\\Herd\\eventcrafter\\vendor\\laravel\\framework\\src\\Illuminate\\Queue\\CallQueuedHandler.php(68): Illuminate\\Queue\\CallQueuedHandler->dispatchThroughMiddleware(Object(Illuminate\\Queue\\Jobs\\DatabaseJob), Object(App\\Jobs\\SendBookingConfirmedEmail))\n#29 D:\\Herd\\eventcrafter\\vendor\\laravel\\framework\\src\\Illuminate\\Queue\\Jobs\\Job.php(102): Illuminate\\Queue\\CallQueuedHandler->call(Object(Illuminate\\Queue\\Jobs\\DatabaseJob), Array)\n#30 D:\\Herd\\eventcrafter\\vendor\\laravel\\framework\\src\\Illuminate\\Queue\\Worker.php(444): Illuminate\\Queue\\Jobs\\Job->fire()\n#31 D:\\Herd\\eventcrafter\\vendor\\laravel\\framework\\src\\Illuminate\\Queue\\Worker.php(394): Illuminate\\Queue\\Worker->process(\'database\', Object(Illuminate\\Queue\\Jobs\\DatabaseJob), Object(Illuminate\\Queue\\WorkerOptions))\n#32 D:\\Herd\\eventcrafter\\vendor\\laravel\\framework\\src\\Illuminate\\Queue\\Worker.php(180): Illuminate\\Queue\\Worker->runJob(Object(Illuminate\\Queue\\Jobs\\DatabaseJob), \'database\', Object(Illuminate\\Queue\\WorkerOptions))\n#33 D:\\Herd\\eventcrafter\\vendor\\laravel\\framework\\src\\Illuminate\\Queue\\Console\\WorkCommand.php(148): Illuminate\\Queue\\Worker->daemon(\'database\', \'default\', Object(Illuminate\\Queue\\WorkerOptions))\n#34 D:\\Herd\\eventcrafter\\vendor\\laravel\\framework\\src\\Illuminate\\Queue\\Console\\WorkCommand.php(131): Illuminate\\Queue\\Console\\WorkCommand->runWorker(\'database\', \'default\')\n#35 D:\\Herd\\eventcrafter\\vendor\\laravel\\framework\\src\\Illuminate\\Container\\BoundMethod.php(36): Illuminate\\Queue\\Console\\WorkCommand->handle()\n#36 D:\\Herd\\eventcrafter\\vendor\\laravel\\framework\\src\\Illuminate\\Container\\Util.php(43): Illuminate\\Container\\BoundMethod::Illuminate\\Container\\{closure}()\n#37 D:\\Herd\\eventcrafter\\vendor\\laravel\\framework\\src\\Illuminate\\Container\\BoundMethod.php(96): Illuminate\\Container\\Util::unwrapIfClosure(Object(Closure))\n#38 D:\\Herd\\eventcrafter\\vendor\\laravel\\framework\\src\\Illuminate\\Container\\BoundMethod.php(35): Illuminate\\Container\\BoundMethod::callBoundMethod(Object(Illuminate\\Foundation\\Application), Array, Object(Closure))\n#39 D:\\Herd\\eventcrafter\\vendor\\laravel\\framework\\src\\Illuminate\\Container\\Container.php(754): Illuminate\\Container\\BoundMethod::call(Object(Illuminate\\Foundation\\Application), Array, Array, NULL)\n#40 D:\\Herd\\eventcrafter\\vendor\\laravel\\framework\\src\\Illuminate\\Console\\Command.php(211): Illuminate\\Container\\Container->call(Array)\n#41 D:\\Herd\\eventcrafter\\vendor\\symfony\\console\\Command\\Command.php(318): Illuminate\\Console\\Command->execute(Object(Symfony\\Component\\Console\\Input\\ArgvInput), Object(Illuminate\\Console\\OutputStyle))\n#42 D:\\Herd\\eventcrafter\\vendor\\laravel\\framework\\src\\Illuminate\\Console\\Command.php(180): Symfony\\Component\\Console\\Command\\Command->run(Object(Symfony\\Component\\Console\\Input\\ArgvInput), Object(Illuminate\\Console\\OutputStyle))\n#43 D:\\Herd\\eventcrafter\\vendor\\symfony\\console\\Application.php(1092): Illuminate\\Console\\Command->run(Object(Symfony\\Component\\Console\\Input\\ArgvInput), Object(Symfony\\Component\\Console\\Output\\ConsoleOutput))\n#44 D:\\Herd\\eventcrafter\\vendor\\symfony\\console\\Application.php(341): Symfony\\Component\\Console\\Application->doRunCommand(Object(Illuminate\\Queue\\Console\\WorkCommand), Object(Symfony\\Component\\Console\\Input\\ArgvInput), Object(Symfony\\Component\\Console\\Output\\ConsoleOutput))\n#45 D:\\Herd\\eventcrafter\\vendor\\symfony\\console\\Application.php(192): Symfony\\Component\\Console\\Application->doRun(Object(Symfony\\Component\\Console\\Input\\ArgvInput), Object(Symfony\\Component\\Console\\Output\\ConsoleOutput))\n#46 D:\\Herd\\eventcrafter\\vendor\\laravel\\framework\\src\\Illuminate\\Foundation\\Console\\Kernel.php(197): Symfony\\Component\\Console\\Application->run(Object(Symfony\\Component\\Console\\Input\\ArgvInput), Object(Symfony\\Component\\Console\\Output\\ConsoleOutput))\n#47 D:\\Herd\\eventcrafter\\vendor\\laravel\\framework\\src\\Illuminate\\Foundation\\Application.php(1234): Illuminate\\Foundation\\Console\\Kernel->handle(Object(Symfony\\Component\\Console\\Input\\ArgvInput), Object(Symfony\\Component\\Console\\Output\\ConsoleOutput))\n#48 D:\\Herd\\eventcrafter\\artisan(16): Illuminate\\Foundation\\Application->handleCommand(Object(Symfony\\Component\\Console\\Input\\ArgvInput))\n#49 {main}','2025-06-30 14:24:36'),(5,'c719bb06-8c29-47de-9857-f82cf620cc50','database','default','{\"uuid\":\"c719bb06-8c29-47de-9857-f82cf620cc50\",\"displayName\":\"App\\\\Jobs\\\\SendBookingConfirmedEmail\",\"job\":\"Illuminate\\\\Queue\\\\CallQueuedHandler@call\",\"maxTries\":null,\"maxExceptions\":null,\"failOnTimeout\":false,\"backoff\":null,\"timeout\":null,\"retryUntil\":null,\"data\":{\"commandName\":\"App\\\\Jobs\\\\SendBookingConfirmedEmail\",\"command\":\"O:34:\\\"App\\\\Jobs\\\\SendBookingConfirmedEmail\\\":4:{s:5:\\\"email\\\";s:22:\\\"jamesaaron12@gmail.com\\\";s:4:\\\"user\\\";O:45:\\\"Illuminate\\\\Contracts\\\\Database\\\\ModelIdentifier\\\":5:{s:5:\\\"class\\\";s:15:\\\"App\\\\Models\\\\User\\\";s:2:\\\"id\\\";i:5;s:9:\\\"relations\\\";a:0:{}s:10:\\\"connection\\\";s:5:\\\"mysql\\\";s:15:\\\"collectionClass\\\";N;}s:5:\\\"event\\\";O:45:\\\"Illuminate\\\\Contracts\\\\Database\\\\ModelIdentifier\\\":5:{s:5:\\\"class\\\";s:16:\\\"App\\\\Models\\\\Event\\\";s:2:\\\"id\\\";i:10;s:9:\\\"relations\\\";a:0:{}s:10:\\\"connection\\\";s:5:\\\"mysql\\\";s:15:\\\"collectionClass\\\";N;}s:7:\\\"booking\\\";O:45:\\\"Illuminate\\\\Contracts\\\\Database\\\\ModelIdentifier\\\":5:{s:5:\\\"class\\\";s:18:\\\"App\\\\Models\\\\Booking\\\";s:2:\\\"id\\\";i:18;s:9:\\\"relations\\\";a:0:{}s:10:\\\"connection\\\";s:5:\\\"mysql\\\";s:15:\\\"collectionClass\\\";N;}}\"},\"createdAt\":1751293580,\"delay\":null}','Symfony\\Component\\Mailer\\Exception\\TransportException: Connection could not be established with host \"smtp.gmail.com:587\": stream_socket_client(): php_network_getaddresses: getaddrinfo for smtp.gmail.com failed: No such host is known.  in D:\\Herd\\eventcrafter\\vendor\\symfony\\mailer\\Transport\\Smtp\\Stream\\SocketStream.php:154\nStack trace:\n#0 [internal function]: Symfony\\Component\\Mailer\\Transport\\Smtp\\Stream\\SocketStream->Symfony\\Component\\Mailer\\Transport\\Smtp\\Stream\\{closure}(2, \'stream_socket_c...\', \'D:\\\\Herd\\\\eventcr...\', 157)\n#1 D:\\Herd\\eventcrafter\\vendor\\symfony\\mailer\\Transport\\Smtp\\Stream\\SocketStream.php(157): stream_socket_client(\'smtp.gmail.com:...\', 0, \'\', 60.0, 4, Resource id #982)\n#2 D:\\Herd\\eventcrafter\\vendor\\symfony\\mailer\\Transport\\Smtp\\SmtpTransport.php(279): Symfony\\Component\\Mailer\\Transport\\Smtp\\Stream\\SocketStream->initialize()\n#3 D:\\Herd\\eventcrafter\\vendor\\symfony\\mailer\\Transport\\Smtp\\SmtpTransport.php(211): Symfony\\Component\\Mailer\\Transport\\Smtp\\SmtpTransport->start()\n#4 D:\\Herd\\eventcrafter\\vendor\\symfony\\mailer\\Transport\\AbstractTransport.php(69): Symfony\\Component\\Mailer\\Transport\\Smtp\\SmtpTransport->doSend(Object(Symfony\\Component\\Mailer\\SentMessage))\n#5 D:\\Herd\\eventcrafter\\vendor\\symfony\\mailer\\Transport\\Smtp\\SmtpTransport.php(138): Symfony\\Component\\Mailer\\Transport\\AbstractTransport->send(Object(Symfony\\Component\\Mime\\Email), Object(Symfony\\Component\\Mailer\\DelayedEnvelope))\n#6 D:\\Herd\\eventcrafter\\vendor\\laravel\\framework\\src\\Illuminate\\Mail\\Mailer.php(584): Symfony\\Component\\Mailer\\Transport\\Smtp\\SmtpTransport->send(Object(Symfony\\Component\\Mime\\Email), Object(Symfony\\Component\\Mailer\\DelayedEnvelope))\n#7 D:\\Herd\\eventcrafter\\vendor\\laravel\\framework\\src\\Illuminate\\Mail\\Mailer.php(331): Illuminate\\Mail\\Mailer->sendSymfonyMessage(Object(Symfony\\Component\\Mime\\Email))\n#8 D:\\Herd\\eventcrafter\\vendor\\laravel\\framework\\src\\Illuminate\\Mail\\Mailable.php(207): Illuminate\\Mail\\Mailer->send(\'mails.booking_c...\', Array, Object(Closure))\n#9 D:\\Herd\\eventcrafter\\vendor\\laravel\\framework\\src\\Illuminate\\Support\\Traits\\Localizable.php(19): Illuminate\\Mail\\Mailable->Illuminate\\Mail\\{closure}()\n#10 D:\\Herd\\eventcrafter\\vendor\\laravel\\framework\\src\\Illuminate\\Mail\\Mailable.php(200): Illuminate\\Mail\\Mailable->withLocale(NULL, Object(Closure))\n#11 D:\\Herd\\eventcrafter\\vendor\\laravel\\framework\\src\\Illuminate\\Mail\\Mailer.php(353): Illuminate\\Mail\\Mailable->send(Object(Illuminate\\Mail\\Mailer))\n#12 D:\\Herd\\eventcrafter\\vendor\\laravel\\framework\\src\\Illuminate\\Mail\\Mailer.php(300): Illuminate\\Mail\\Mailer->sendMailable(Object(App\\Mail\\BookingConfirmed))\n#13 D:\\Herd\\eventcrafter\\vendor\\laravel\\framework\\src\\Illuminate\\Mail\\PendingMail.php(123): Illuminate\\Mail\\Mailer->send(Object(App\\Mail\\BookingConfirmed))\n#14 D:\\Herd\\eventcrafter\\app\\Jobs\\SendBookingConfirmedEmail.php(34): Illuminate\\Mail\\PendingMail->send(Object(App\\Mail\\BookingConfirmed))\n#15 D:\\Herd\\eventcrafter\\vendor\\laravel\\framework\\src\\Illuminate\\Container\\BoundMethod.php(36): App\\Jobs\\SendBookingConfirmedEmail->handle()\n#16 D:\\Herd\\eventcrafter\\vendor\\laravel\\framework\\src\\Illuminate\\Container\\Util.php(43): Illuminate\\Container\\BoundMethod::Illuminate\\Container\\{closure}()\n#17 D:\\Herd\\eventcrafter\\vendor\\laravel\\framework\\src\\Illuminate\\Container\\BoundMethod.php(96): Illuminate\\Container\\Util::unwrapIfClosure(Object(Closure))\n#18 D:\\Herd\\eventcrafter\\vendor\\laravel\\framework\\src\\Illuminate\\Container\\BoundMethod.php(35): Illuminate\\Container\\BoundMethod::callBoundMethod(Object(Illuminate\\Foundation\\Application), Array, Object(Closure))\n#19 D:\\Herd\\eventcrafter\\vendor\\laravel\\framework\\src\\Illuminate\\Container\\Container.php(754): Illuminate\\Container\\BoundMethod::call(Object(Illuminate\\Foundation\\Application), Array, Array, NULL)\n#20 D:\\Herd\\eventcrafter\\vendor\\laravel\\framework\\src\\Illuminate\\Bus\\Dispatcher.php(132): Illuminate\\Container\\Container->call(Array)\n#21 D:\\Herd\\eventcrafter\\vendor\\laravel\\framework\\src\\Illuminate\\Pipeline\\Pipeline.php(169): Illuminate\\Bus\\Dispatcher->Illuminate\\Bus\\{closure}(Object(App\\Jobs\\SendBookingConfirmedEmail))\n#22 D:\\Herd\\eventcrafter\\vendor\\laravel\\framework\\src\\Illuminate\\Pipeline\\Pipeline.php(126): Illuminate\\Pipeline\\Pipeline->Illuminate\\Pipeline\\{closure}(Object(App\\Jobs\\SendBookingConfirmedEmail))\n#23 D:\\Herd\\eventcrafter\\vendor\\laravel\\framework\\src\\Illuminate\\Bus\\Dispatcher.php(136): Illuminate\\Pipeline\\Pipeline->then(Object(Closure))\n#24 D:\\Herd\\eventcrafter\\vendor\\laravel\\framework\\src\\Illuminate\\Queue\\CallQueuedHandler.php(125): Illuminate\\Bus\\Dispatcher->dispatchNow(Object(App\\Jobs\\SendBookingConfirmedEmail), false)\n#25 D:\\Herd\\eventcrafter\\vendor\\laravel\\framework\\src\\Illuminate\\Pipeline\\Pipeline.php(169): Illuminate\\Queue\\CallQueuedHandler->Illuminate\\Queue\\{closure}(Object(App\\Jobs\\SendBookingConfirmedEmail))\n#26 D:\\Herd\\eventcrafter\\vendor\\laravel\\framework\\src\\Illuminate\\Pipeline\\Pipeline.php(126): Illuminate\\Pipeline\\Pipeline->Illuminate\\Pipeline\\{closure}(Object(App\\Jobs\\SendBookingConfirmedEmail))\n#27 D:\\Herd\\eventcrafter\\vendor\\laravel\\framework\\src\\Illuminate\\Queue\\CallQueuedHandler.php(120): Illuminate\\Pipeline\\Pipeline->then(Object(Closure))\n#28 D:\\Herd\\eventcrafter\\vendor\\laravel\\framework\\src\\Illuminate\\Queue\\CallQueuedHandler.php(68): Illuminate\\Queue\\CallQueuedHandler->dispatchThroughMiddleware(Object(Illuminate\\Queue\\Jobs\\DatabaseJob), Object(App\\Jobs\\SendBookingConfirmedEmail))\n#29 D:\\Herd\\eventcrafter\\vendor\\laravel\\framework\\src\\Illuminate\\Queue\\Jobs\\Job.php(102): Illuminate\\Queue\\CallQueuedHandler->call(Object(Illuminate\\Queue\\Jobs\\DatabaseJob), Array)\n#30 D:\\Herd\\eventcrafter\\vendor\\laravel\\framework\\src\\Illuminate\\Queue\\Worker.php(444): Illuminate\\Queue\\Jobs\\Job->fire()\n#31 D:\\Herd\\eventcrafter\\vendor\\laravel\\framework\\src\\Illuminate\\Queue\\Worker.php(394): Illuminate\\Queue\\Worker->process(\'database\', Object(Illuminate\\Queue\\Jobs\\DatabaseJob), Object(Illuminate\\Queue\\WorkerOptions))\n#32 D:\\Herd\\eventcrafter\\vendor\\laravel\\framework\\src\\Illuminate\\Queue\\Worker.php(180): Illuminate\\Queue\\Worker->runJob(Object(Illuminate\\Queue\\Jobs\\DatabaseJob), \'database\', Object(Illuminate\\Queue\\WorkerOptions))\n#33 D:\\Herd\\eventcrafter\\vendor\\laravel\\framework\\src\\Illuminate\\Queue\\Console\\WorkCommand.php(148): Illuminate\\Queue\\Worker->daemon(\'database\', \'default\', Object(Illuminate\\Queue\\WorkerOptions))\n#34 D:\\Herd\\eventcrafter\\vendor\\laravel\\framework\\src\\Illuminate\\Queue\\Console\\WorkCommand.php(131): Illuminate\\Queue\\Console\\WorkCommand->runWorker(\'database\', \'default\')\n#35 D:\\Herd\\eventcrafter\\vendor\\laravel\\framework\\src\\Illuminate\\Container\\BoundMethod.php(36): Illuminate\\Queue\\Console\\WorkCommand->handle()\n#36 D:\\Herd\\eventcrafter\\vendor\\laravel\\framework\\src\\Illuminate\\Container\\Util.php(43): Illuminate\\Container\\BoundMethod::Illuminate\\Container\\{closure}()\n#37 D:\\Herd\\eventcrafter\\vendor\\laravel\\framework\\src\\Illuminate\\Container\\BoundMethod.php(96): Illuminate\\Container\\Util::unwrapIfClosure(Object(Closure))\n#38 D:\\Herd\\eventcrafter\\vendor\\laravel\\framework\\src\\Illuminate\\Container\\BoundMethod.php(35): Illuminate\\Container\\BoundMethod::callBoundMethod(Object(Illuminate\\Foundation\\Application), Array, Object(Closure))\n#39 D:\\Herd\\eventcrafter\\vendor\\laravel\\framework\\src\\Illuminate\\Container\\Container.php(754): Illuminate\\Container\\BoundMethod::call(Object(Illuminate\\Foundation\\Application), Array, Array, NULL)\n#40 D:\\Herd\\eventcrafter\\vendor\\laravel\\framework\\src\\Illuminate\\Console\\Command.php(211): Illuminate\\Container\\Container->call(Array)\n#41 D:\\Herd\\eventcrafter\\vendor\\symfony\\console\\Command\\Command.php(318): Illuminate\\Console\\Command->execute(Object(Symfony\\Component\\Console\\Input\\ArgvInput), Object(Illuminate\\Console\\OutputStyle))\n#42 D:\\Herd\\eventcrafter\\vendor\\laravel\\framework\\src\\Illuminate\\Console\\Command.php(180): Symfony\\Component\\Console\\Command\\Command->run(Object(Symfony\\Component\\Console\\Input\\ArgvInput), Object(Illuminate\\Console\\OutputStyle))\n#43 D:\\Herd\\eventcrafter\\vendor\\symfony\\console\\Application.php(1092): Illuminate\\Console\\Command->run(Object(Symfony\\Component\\Console\\Input\\ArgvInput), Object(Symfony\\Component\\Console\\Output\\ConsoleOutput))\n#44 D:\\Herd\\eventcrafter\\vendor\\symfony\\console\\Application.php(341): Symfony\\Component\\Console\\Application->doRunCommand(Object(Illuminate\\Queue\\Console\\WorkCommand), Object(Symfony\\Component\\Console\\Input\\ArgvInput), Object(Symfony\\Component\\Console\\Output\\ConsoleOutput))\n#45 D:\\Herd\\eventcrafter\\vendor\\symfony\\console\\Application.php(192): Symfony\\Component\\Console\\Application->doRun(Object(Symfony\\Component\\Console\\Input\\ArgvInput), Object(Symfony\\Component\\Console\\Output\\ConsoleOutput))\n#46 D:\\Herd\\eventcrafter\\vendor\\laravel\\framework\\src\\Illuminate\\Foundation\\Console\\Kernel.php(197): Symfony\\Component\\Console\\Application->run(Object(Symfony\\Component\\Console\\Input\\ArgvInput), Object(Symfony\\Component\\Console\\Output\\ConsoleOutput))\n#47 D:\\Herd\\eventcrafter\\vendor\\laravel\\framework\\src\\Illuminate\\Foundation\\Application.php(1234): Illuminate\\Foundation\\Console\\Kernel->handle(Object(Symfony\\Component\\Console\\Input\\ArgvInput), Object(Symfony\\Component\\Console\\Output\\ConsoleOutput))\n#48 D:\\Herd\\eventcrafter\\artisan(16): Illuminate\\Foundation\\Application->handleCommand(Object(Symfony\\Component\\Console\\Input\\ArgvInput))\n#49 {main}','2025-06-30 14:26:22'),(6,'ffe347c4-c075-469d-9067-2edf8dd2fa5f','database','default','{\"uuid\":\"ffe347c4-c075-469d-9067-2edf8dd2fa5f\",\"displayName\":\"App\\\\Jobs\\\\SendBookingConfirmedEmail\",\"job\":\"Illuminate\\\\Queue\\\\CallQueuedHandler@call\",\"maxTries\":null,\"maxExceptions\":null,\"failOnTimeout\":false,\"backoff\":null,\"timeout\":null,\"retryUntil\":null,\"data\":{\"commandName\":\"App\\\\Jobs\\\\SendBookingConfirmedEmail\",\"command\":\"O:34:\\\"App\\\\Jobs\\\\SendBookingConfirmedEmail\\\":4:{s:5:\\\"email\\\";s:22:\\\"jamesaaron12@gmail.com\\\";s:4:\\\"user\\\";O:45:\\\"Illuminate\\\\Contracts\\\\Database\\\\ModelIdentifier\\\":5:{s:5:\\\"class\\\";s:15:\\\"App\\\\Models\\\\User\\\";s:2:\\\"id\\\";i:5;s:9:\\\"relations\\\";a:0:{}s:10:\\\"connection\\\";s:5:\\\"mysql\\\";s:15:\\\"collectionClass\\\";N;}s:5:\\\"event\\\";O:45:\\\"Illuminate\\\\Contracts\\\\Database\\\\ModelIdentifier\\\":5:{s:5:\\\"class\\\";s:16:\\\"App\\\\Models\\\\Event\\\";s:2:\\\"id\\\";i:8;s:9:\\\"relations\\\";a:0:{}s:10:\\\"connection\\\";s:5:\\\"mysql\\\";s:15:\\\"collectionClass\\\";N;}s:7:\\\"booking\\\";O:45:\\\"Illuminate\\\\Contracts\\\\Database\\\\ModelIdentifier\\\":5:{s:5:\\\"class\\\";s:18:\\\"App\\\\Models\\\\Booking\\\";s:2:\\\"id\\\";i:19;s:9:\\\"relations\\\";a:0:{}s:10:\\\"connection\\\";s:5:\\\"mysql\\\";s:15:\\\"collectionClass\\\";N;}}\"},\"createdAt\":1751295080,\"delay\":null}','Symfony\\Component\\Mailer\\Exception\\TransportException: Connection could not be established with host \"smtp.gmail.com:587\": stream_socket_client(): php_network_getaddresses: getaddrinfo for smtp.gmail.com failed: No such host is known.  in D:\\Herd\\eventcrafter\\vendor\\symfony\\mailer\\Transport\\Smtp\\Stream\\SocketStream.php:154\nStack trace:\n#0 [internal function]: Symfony\\Component\\Mailer\\Transport\\Smtp\\Stream\\SocketStream->Symfony\\Component\\Mailer\\Transport\\Smtp\\Stream\\{closure}(2, \'stream_socket_c...\', \'D:\\\\Herd\\\\eventcr...\', 157)\n#1 D:\\Herd\\eventcrafter\\vendor\\symfony\\mailer\\Transport\\Smtp\\Stream\\SocketStream.php(157): stream_socket_client(\'smtp.gmail.com:...\', 0, \'\', 60.0, 4, Resource id #985)\n#2 D:\\Herd\\eventcrafter\\vendor\\symfony\\mailer\\Transport\\Smtp\\SmtpTransport.php(279): Symfony\\Component\\Mailer\\Transport\\Smtp\\Stream\\SocketStream->initialize()\n#3 D:\\Herd\\eventcrafter\\vendor\\symfony\\mailer\\Transport\\Smtp\\SmtpTransport.php(211): Symfony\\Component\\Mailer\\Transport\\Smtp\\SmtpTransport->start()\n#4 D:\\Herd\\eventcrafter\\vendor\\symfony\\mailer\\Transport\\AbstractTransport.php(69): Symfony\\Component\\Mailer\\Transport\\Smtp\\SmtpTransport->doSend(Object(Symfony\\Component\\Mailer\\SentMessage))\n#5 D:\\Herd\\eventcrafter\\vendor\\symfony\\mailer\\Transport\\Smtp\\SmtpTransport.php(138): Symfony\\Component\\Mailer\\Transport\\AbstractTransport->send(Object(Symfony\\Component\\Mime\\Email), Object(Symfony\\Component\\Mailer\\DelayedEnvelope))\n#6 D:\\Herd\\eventcrafter\\vendor\\laravel\\framework\\src\\Illuminate\\Mail\\Mailer.php(584): Symfony\\Component\\Mailer\\Transport\\Smtp\\SmtpTransport->send(Object(Symfony\\Component\\Mime\\Email), Object(Symfony\\Component\\Mailer\\DelayedEnvelope))\n#7 D:\\Herd\\eventcrafter\\vendor\\laravel\\framework\\src\\Illuminate\\Mail\\Mailer.php(331): Illuminate\\Mail\\Mailer->sendSymfonyMessage(Object(Symfony\\Component\\Mime\\Email))\n#8 D:\\Herd\\eventcrafter\\vendor\\laravel\\framework\\src\\Illuminate\\Mail\\Mailable.php(207): Illuminate\\Mail\\Mailer->send(\'mails.booking_c...\', Array, Object(Closure))\n#9 D:\\Herd\\eventcrafter\\vendor\\laravel\\framework\\src\\Illuminate\\Support\\Traits\\Localizable.php(19): Illuminate\\Mail\\Mailable->Illuminate\\Mail\\{closure}()\n#10 D:\\Herd\\eventcrafter\\vendor\\laravel\\framework\\src\\Illuminate\\Mail\\Mailable.php(200): Illuminate\\Mail\\Mailable->withLocale(NULL, Object(Closure))\n#11 D:\\Herd\\eventcrafter\\vendor\\laravel\\framework\\src\\Illuminate\\Mail\\Mailer.php(353): Illuminate\\Mail\\Mailable->send(Object(Illuminate\\Mail\\Mailer))\n#12 D:\\Herd\\eventcrafter\\vendor\\laravel\\framework\\src\\Illuminate\\Mail\\Mailer.php(300): Illuminate\\Mail\\Mailer->sendMailable(Object(App\\Mail\\BookingConfirmed))\n#13 D:\\Herd\\eventcrafter\\vendor\\laravel\\framework\\src\\Illuminate\\Mail\\PendingMail.php(123): Illuminate\\Mail\\Mailer->send(Object(App\\Mail\\BookingConfirmed))\n#14 D:\\Herd\\eventcrafter\\app\\Jobs\\SendBookingConfirmedEmail.php(34): Illuminate\\Mail\\PendingMail->send(Object(App\\Mail\\BookingConfirmed))\n#15 D:\\Herd\\eventcrafter\\vendor\\laravel\\framework\\src\\Illuminate\\Container\\BoundMethod.php(36): App\\Jobs\\SendBookingConfirmedEmail->handle()\n#16 D:\\Herd\\eventcrafter\\vendor\\laravel\\framework\\src\\Illuminate\\Container\\Util.php(43): Illuminate\\Container\\BoundMethod::Illuminate\\Container\\{closure}()\n#17 D:\\Herd\\eventcrafter\\vendor\\laravel\\framework\\src\\Illuminate\\Container\\BoundMethod.php(96): Illuminate\\Container\\Util::unwrapIfClosure(Object(Closure))\n#18 D:\\Herd\\eventcrafter\\vendor\\laravel\\framework\\src\\Illuminate\\Container\\BoundMethod.php(35): Illuminate\\Container\\BoundMethod::callBoundMethod(Object(Illuminate\\Foundation\\Application), Array, Object(Closure))\n#19 D:\\Herd\\eventcrafter\\vendor\\laravel\\framework\\src\\Illuminate\\Container\\Container.php(754): Illuminate\\Container\\BoundMethod::call(Object(Illuminate\\Foundation\\Application), Array, Array, NULL)\n#20 D:\\Herd\\eventcrafter\\vendor\\laravel\\framework\\src\\Illuminate\\Bus\\Dispatcher.php(132): Illuminate\\Container\\Container->call(Array)\n#21 D:\\Herd\\eventcrafter\\vendor\\laravel\\framework\\src\\Illuminate\\Pipeline\\Pipeline.php(169): Illuminate\\Bus\\Dispatcher->Illuminate\\Bus\\{closure}(Object(App\\Jobs\\SendBookingConfirmedEmail))\n#22 D:\\Herd\\eventcrafter\\vendor\\laravel\\framework\\src\\Illuminate\\Pipeline\\Pipeline.php(126): Illuminate\\Pipeline\\Pipeline->Illuminate\\Pipeline\\{closure}(Object(App\\Jobs\\SendBookingConfirmedEmail))\n#23 D:\\Herd\\eventcrafter\\vendor\\laravel\\framework\\src\\Illuminate\\Bus\\Dispatcher.php(136): Illuminate\\Pipeline\\Pipeline->then(Object(Closure))\n#24 D:\\Herd\\eventcrafter\\vendor\\laravel\\framework\\src\\Illuminate\\Queue\\CallQueuedHandler.php(125): Illuminate\\Bus\\Dispatcher->dispatchNow(Object(App\\Jobs\\SendBookingConfirmedEmail), false)\n#25 D:\\Herd\\eventcrafter\\vendor\\laravel\\framework\\src\\Illuminate\\Pipeline\\Pipeline.php(169): Illuminate\\Queue\\CallQueuedHandler->Illuminate\\Queue\\{closure}(Object(App\\Jobs\\SendBookingConfirmedEmail))\n#26 D:\\Herd\\eventcrafter\\vendor\\laravel\\framework\\src\\Illuminate\\Pipeline\\Pipeline.php(126): Illuminate\\Pipeline\\Pipeline->Illuminate\\Pipeline\\{closure}(Object(App\\Jobs\\SendBookingConfirmedEmail))\n#27 D:\\Herd\\eventcrafter\\vendor\\laravel\\framework\\src\\Illuminate\\Queue\\CallQueuedHandler.php(120): Illuminate\\Pipeline\\Pipeline->then(Object(Closure))\n#28 D:\\Herd\\eventcrafter\\vendor\\laravel\\framework\\src\\Illuminate\\Queue\\CallQueuedHandler.php(68): Illuminate\\Queue\\CallQueuedHandler->dispatchThroughMiddleware(Object(Illuminate\\Queue\\Jobs\\DatabaseJob), Object(App\\Jobs\\SendBookingConfirmedEmail))\n#29 D:\\Herd\\eventcrafter\\vendor\\laravel\\framework\\src\\Illuminate\\Queue\\Jobs\\Job.php(102): Illuminate\\Queue\\CallQueuedHandler->call(Object(Illuminate\\Queue\\Jobs\\DatabaseJob), Array)\n#30 D:\\Herd\\eventcrafter\\vendor\\laravel\\framework\\src\\Illuminate\\Queue\\Worker.php(444): Illuminate\\Queue\\Jobs\\Job->fire()\n#31 D:\\Herd\\eventcrafter\\vendor\\laravel\\framework\\src\\Illuminate\\Queue\\Worker.php(394): Illuminate\\Queue\\Worker->process(\'database\', Object(Illuminate\\Queue\\Jobs\\DatabaseJob), Object(Illuminate\\Queue\\WorkerOptions))\n#32 D:\\Herd\\eventcrafter\\vendor\\laravel\\framework\\src\\Illuminate\\Queue\\Worker.php(180): Illuminate\\Queue\\Worker->runJob(Object(Illuminate\\Queue\\Jobs\\DatabaseJob), \'database\', Object(Illuminate\\Queue\\WorkerOptions))\n#33 D:\\Herd\\eventcrafter\\vendor\\laravel\\framework\\src\\Illuminate\\Queue\\Console\\WorkCommand.php(148): Illuminate\\Queue\\Worker->daemon(\'database\', \'default\', Object(Illuminate\\Queue\\WorkerOptions))\n#34 D:\\Herd\\eventcrafter\\vendor\\laravel\\framework\\src\\Illuminate\\Queue\\Console\\WorkCommand.php(131): Illuminate\\Queue\\Console\\WorkCommand->runWorker(\'database\', \'default\')\n#35 D:\\Herd\\eventcrafter\\vendor\\laravel\\framework\\src\\Illuminate\\Container\\BoundMethod.php(36): Illuminate\\Queue\\Console\\WorkCommand->handle()\n#36 D:\\Herd\\eventcrafter\\vendor\\laravel\\framework\\src\\Illuminate\\Container\\Util.php(43): Illuminate\\Container\\BoundMethod::Illuminate\\Container\\{closure}()\n#37 D:\\Herd\\eventcrafter\\vendor\\laravel\\framework\\src\\Illuminate\\Container\\BoundMethod.php(96): Illuminate\\Container\\Util::unwrapIfClosure(Object(Closure))\n#38 D:\\Herd\\eventcrafter\\vendor\\laravel\\framework\\src\\Illuminate\\Container\\BoundMethod.php(35): Illuminate\\Container\\BoundMethod::callBoundMethod(Object(Illuminate\\Foundation\\Application), Array, Object(Closure))\n#39 D:\\Herd\\eventcrafter\\vendor\\laravel\\framework\\src\\Illuminate\\Container\\Container.php(754): Illuminate\\Container\\BoundMethod::call(Object(Illuminate\\Foundation\\Application), Array, Array, NULL)\n#40 D:\\Herd\\eventcrafter\\vendor\\laravel\\framework\\src\\Illuminate\\Console\\Command.php(211): Illuminate\\Container\\Container->call(Array)\n#41 D:\\Herd\\eventcrafter\\vendor\\symfony\\console\\Command\\Command.php(318): Illuminate\\Console\\Command->execute(Object(Symfony\\Component\\Console\\Input\\ArgvInput), Object(Illuminate\\Console\\OutputStyle))\n#42 D:\\Herd\\eventcrafter\\vendor\\laravel\\framework\\src\\Illuminate\\Console\\Command.php(180): Symfony\\Component\\Console\\Command\\Command->run(Object(Symfony\\Component\\Console\\Input\\ArgvInput), Object(Illuminate\\Console\\OutputStyle))\n#43 D:\\Herd\\eventcrafter\\vendor\\symfony\\console\\Application.php(1092): Illuminate\\Console\\Command->run(Object(Symfony\\Component\\Console\\Input\\ArgvInput), Object(Symfony\\Component\\Console\\Output\\ConsoleOutput))\n#44 D:\\Herd\\eventcrafter\\vendor\\symfony\\console\\Application.php(341): Symfony\\Component\\Console\\Application->doRunCommand(Object(Illuminate\\Queue\\Console\\WorkCommand), Object(Symfony\\Component\\Console\\Input\\ArgvInput), Object(Symfony\\Component\\Console\\Output\\ConsoleOutput))\n#45 D:\\Herd\\eventcrafter\\vendor\\symfony\\console\\Application.php(192): Symfony\\Component\\Console\\Application->doRun(Object(Symfony\\Component\\Console\\Input\\ArgvInput), Object(Symfony\\Component\\Console\\Output\\ConsoleOutput))\n#46 D:\\Herd\\eventcrafter\\vendor\\laravel\\framework\\src\\Illuminate\\Foundation\\Console\\Kernel.php(197): Symfony\\Component\\Console\\Application->run(Object(Symfony\\Component\\Console\\Input\\ArgvInput), Object(Symfony\\Component\\Console\\Output\\ConsoleOutput))\n#47 D:\\Herd\\eventcrafter\\vendor\\laravel\\framework\\src\\Illuminate\\Foundation\\Application.php(1234): Illuminate\\Foundation\\Console\\Kernel->handle(Object(Symfony\\Component\\Console\\Input\\ArgvInput), Object(Symfony\\Component\\Console\\Output\\ConsoleOutput))\n#48 D:\\Herd\\eventcrafter\\artisan(16): Illuminate\\Foundation\\Application->handleCommand(Object(Symfony\\Component\\Console\\Input\\ArgvInput))\n#49 {main}','2025-06-30 14:51:20'),(7,'8e9642f5-241e-43ff-aae8-0b6434202b44','database','default','{\"uuid\":\"8e9642f5-241e-43ff-aae8-0b6434202b44\",\"displayName\":\"App\\\\Jobs\\\\SendBookingConfirmedEmail\",\"job\":\"Illuminate\\\\Queue\\\\CallQueuedHandler@call\",\"maxTries\":null,\"maxExceptions\":null,\"failOnTimeout\":false,\"backoff\":null,\"timeout\":null,\"retryUntil\":null,\"data\":{\"commandName\":\"App\\\\Jobs\\\\SendBookingConfirmedEmail\",\"command\":\"O:34:\\\"App\\\\Jobs\\\\SendBookingConfirmedEmail\\\":4:{s:5:\\\"email\\\";s:22:\\\"jamesaaron12@gmail.com\\\";s:4:\\\"user\\\";O:45:\\\"Illuminate\\\\Contracts\\\\Database\\\\ModelIdentifier\\\":5:{s:5:\\\"class\\\";s:15:\\\"App\\\\Models\\\\User\\\";s:2:\\\"id\\\";i:5;s:9:\\\"relations\\\";a:0:{}s:10:\\\"connection\\\";s:5:\\\"mysql\\\";s:15:\\\"collectionClass\\\";N;}s:5:\\\"event\\\";O:45:\\\"Illuminate\\\\Contracts\\\\Database\\\\ModelIdentifier\\\":5:{s:5:\\\"class\\\";s:16:\\\"App\\\\Models\\\\Event\\\";s:2:\\\"id\\\";i:12;s:9:\\\"relations\\\";a:0:{}s:10:\\\"connection\\\";s:5:\\\"mysql\\\";s:15:\\\"collectionClass\\\";N;}s:7:\\\"booking\\\";O:45:\\\"Illuminate\\\\Contracts\\\\Database\\\\ModelIdentifier\\\":5:{s:5:\\\"class\\\";s:18:\\\"App\\\\Models\\\\Booking\\\";s:2:\\\"id\\\";i:20;s:9:\\\"relations\\\";a:0:{}s:10:\\\"connection\\\";s:5:\\\"mysql\\\";s:15:\\\"collectionClass\\\";N;}}\"},\"createdAt\":1751295147,\"delay\":null}','Symfony\\Component\\Mailer\\Exception\\TransportException: Connection could not be established with host \"smtp.gmail.com:587\": stream_socket_client(): php_network_getaddresses: getaddrinfo for smtp.gmail.com failed: No such host is known.  in D:\\Herd\\eventcrafter\\vendor\\symfony\\mailer\\Transport\\Smtp\\Stream\\SocketStream.php:154\nStack trace:\n#0 [internal function]: Symfony\\Component\\Mailer\\Transport\\Smtp\\Stream\\SocketStream->Symfony\\Component\\Mailer\\Transport\\Smtp\\Stream\\{closure}(2, \'stream_socket_c...\', \'D:\\\\Herd\\\\eventcr...\', 157)\n#1 D:\\Herd\\eventcrafter\\vendor\\symfony\\mailer\\Transport\\Smtp\\Stream\\SocketStream.php(157): stream_socket_client(\'smtp.gmail.com:...\', 0, \'\', 60.0, 4, Resource id #988)\n#2 D:\\Herd\\eventcrafter\\vendor\\symfony\\mailer\\Transport\\Smtp\\SmtpTransport.php(279): Symfony\\Component\\Mailer\\Transport\\Smtp\\Stream\\SocketStream->initialize()\n#3 D:\\Herd\\eventcrafter\\vendor\\symfony\\mailer\\Transport\\Smtp\\SmtpTransport.php(211): Symfony\\Component\\Mailer\\Transport\\Smtp\\SmtpTransport->start()\n#4 D:\\Herd\\eventcrafter\\vendor\\symfony\\mailer\\Transport\\AbstractTransport.php(69): Symfony\\Component\\Mailer\\Transport\\Smtp\\SmtpTransport->doSend(Object(Symfony\\Component\\Mailer\\SentMessage))\n#5 D:\\Herd\\eventcrafter\\vendor\\symfony\\mailer\\Transport\\Smtp\\SmtpTransport.php(138): Symfony\\Component\\Mailer\\Transport\\AbstractTransport->send(Object(Symfony\\Component\\Mime\\Email), Object(Symfony\\Component\\Mailer\\DelayedEnvelope))\n#6 D:\\Herd\\eventcrafter\\vendor\\laravel\\framework\\src\\Illuminate\\Mail\\Mailer.php(584): Symfony\\Component\\Mailer\\Transport\\Smtp\\SmtpTransport->send(Object(Symfony\\Component\\Mime\\Email), Object(Symfony\\Component\\Mailer\\DelayedEnvelope))\n#7 D:\\Herd\\eventcrafter\\vendor\\laravel\\framework\\src\\Illuminate\\Mail\\Mailer.php(331): Illuminate\\Mail\\Mailer->sendSymfonyMessage(Object(Symfony\\Component\\Mime\\Email))\n#8 D:\\Herd\\eventcrafter\\vendor\\laravel\\framework\\src\\Illuminate\\Mail\\Mailable.php(207): Illuminate\\Mail\\Mailer->send(\'mails.booking_c...\', Array, Object(Closure))\n#9 D:\\Herd\\eventcrafter\\vendor\\laravel\\framework\\src\\Illuminate\\Support\\Traits\\Localizable.php(19): Illuminate\\Mail\\Mailable->Illuminate\\Mail\\{closure}()\n#10 D:\\Herd\\eventcrafter\\vendor\\laravel\\framework\\src\\Illuminate\\Mail\\Mailable.php(200): Illuminate\\Mail\\Mailable->withLocale(NULL, Object(Closure))\n#11 D:\\Herd\\eventcrafter\\vendor\\laravel\\framework\\src\\Illuminate\\Mail\\Mailer.php(353): Illuminate\\Mail\\Mailable->send(Object(Illuminate\\Mail\\Mailer))\n#12 D:\\Herd\\eventcrafter\\vendor\\laravel\\framework\\src\\Illuminate\\Mail\\Mailer.php(300): Illuminate\\Mail\\Mailer->sendMailable(Object(App\\Mail\\BookingConfirmed))\n#13 D:\\Herd\\eventcrafter\\vendor\\laravel\\framework\\src\\Illuminate\\Mail\\PendingMail.php(123): Illuminate\\Mail\\Mailer->send(Object(App\\Mail\\BookingConfirmed))\n#14 D:\\Herd\\eventcrafter\\app\\Jobs\\SendBookingConfirmedEmail.php(34): Illuminate\\Mail\\PendingMail->send(Object(App\\Mail\\BookingConfirmed))\n#15 D:\\Herd\\eventcrafter\\vendor\\laravel\\framework\\src\\Illuminate\\Container\\BoundMethod.php(36): App\\Jobs\\SendBookingConfirmedEmail->handle()\n#16 D:\\Herd\\eventcrafter\\vendor\\laravel\\framework\\src\\Illuminate\\Container\\Util.php(43): Illuminate\\Container\\BoundMethod::Illuminate\\Container\\{closure}()\n#17 D:\\Herd\\eventcrafter\\vendor\\laravel\\framework\\src\\Illuminate\\Container\\BoundMethod.php(96): Illuminate\\Container\\Util::unwrapIfClosure(Object(Closure))\n#18 D:\\Herd\\eventcrafter\\vendor\\laravel\\framework\\src\\Illuminate\\Container\\BoundMethod.php(35): Illuminate\\Container\\BoundMethod::callBoundMethod(Object(Illuminate\\Foundation\\Application), Array, Object(Closure))\n#19 D:\\Herd\\eventcrafter\\vendor\\laravel\\framework\\src\\Illuminate\\Container\\Container.php(754): Illuminate\\Container\\BoundMethod::call(Object(Illuminate\\Foundation\\Application), Array, Array, NULL)\n#20 D:\\Herd\\eventcrafter\\vendor\\laravel\\framework\\src\\Illuminate\\Bus\\Dispatcher.php(132): Illuminate\\Container\\Container->call(Array)\n#21 D:\\Herd\\eventcrafter\\vendor\\laravel\\framework\\src\\Illuminate\\Pipeline\\Pipeline.php(169): Illuminate\\Bus\\Dispatcher->Illuminate\\Bus\\{closure}(Object(App\\Jobs\\SendBookingConfirmedEmail))\n#22 D:\\Herd\\eventcrafter\\vendor\\laravel\\framework\\src\\Illuminate\\Pipeline\\Pipeline.php(126): Illuminate\\Pipeline\\Pipeline->Illuminate\\Pipeline\\{closure}(Object(App\\Jobs\\SendBookingConfirmedEmail))\n#23 D:\\Herd\\eventcrafter\\vendor\\laravel\\framework\\src\\Illuminate\\Bus\\Dispatcher.php(136): Illuminate\\Pipeline\\Pipeline->then(Object(Closure))\n#24 D:\\Herd\\eventcrafter\\vendor\\laravel\\framework\\src\\Illuminate\\Queue\\CallQueuedHandler.php(125): Illuminate\\Bus\\Dispatcher->dispatchNow(Object(App\\Jobs\\SendBookingConfirmedEmail), false)\n#25 D:\\Herd\\eventcrafter\\vendor\\laravel\\framework\\src\\Illuminate\\Pipeline\\Pipeline.php(169): Illuminate\\Queue\\CallQueuedHandler->Illuminate\\Queue\\{closure}(Object(App\\Jobs\\SendBookingConfirmedEmail))\n#26 D:\\Herd\\eventcrafter\\vendor\\laravel\\framework\\src\\Illuminate\\Pipeline\\Pipeline.php(126): Illuminate\\Pipeline\\Pipeline->Illuminate\\Pipeline\\{closure}(Object(App\\Jobs\\SendBookingConfirmedEmail))\n#27 D:\\Herd\\eventcrafter\\vendor\\laravel\\framework\\src\\Illuminate\\Queue\\CallQueuedHandler.php(120): Illuminate\\Pipeline\\Pipeline->then(Object(Closure))\n#28 D:\\Herd\\eventcrafter\\vendor\\laravel\\framework\\src\\Illuminate\\Queue\\CallQueuedHandler.php(68): Illuminate\\Queue\\CallQueuedHandler->dispatchThroughMiddleware(Object(Illuminate\\Queue\\Jobs\\DatabaseJob), Object(App\\Jobs\\SendBookingConfirmedEmail))\n#29 D:\\Herd\\eventcrafter\\vendor\\laravel\\framework\\src\\Illuminate\\Queue\\Jobs\\Job.php(102): Illuminate\\Queue\\CallQueuedHandler->call(Object(Illuminate\\Queue\\Jobs\\DatabaseJob), Array)\n#30 D:\\Herd\\eventcrafter\\vendor\\laravel\\framework\\src\\Illuminate\\Queue\\Worker.php(444): Illuminate\\Queue\\Jobs\\Job->fire()\n#31 D:\\Herd\\eventcrafter\\vendor\\laravel\\framework\\src\\Illuminate\\Queue\\Worker.php(394): Illuminate\\Queue\\Worker->process(\'database\', Object(Illuminate\\Queue\\Jobs\\DatabaseJob), Object(Illuminate\\Queue\\WorkerOptions))\n#32 D:\\Herd\\eventcrafter\\vendor\\laravel\\framework\\src\\Illuminate\\Queue\\Worker.php(180): Illuminate\\Queue\\Worker->runJob(Object(Illuminate\\Queue\\Jobs\\DatabaseJob), \'database\', Object(Illuminate\\Queue\\WorkerOptions))\n#33 D:\\Herd\\eventcrafter\\vendor\\laravel\\framework\\src\\Illuminate\\Queue\\Console\\WorkCommand.php(148): Illuminate\\Queue\\Worker->daemon(\'database\', \'default\', Object(Illuminate\\Queue\\WorkerOptions))\n#34 D:\\Herd\\eventcrafter\\vendor\\laravel\\framework\\src\\Illuminate\\Queue\\Console\\WorkCommand.php(131): Illuminate\\Queue\\Console\\WorkCommand->runWorker(\'database\', \'default\')\n#35 D:\\Herd\\eventcrafter\\vendor\\laravel\\framework\\src\\Illuminate\\Container\\BoundMethod.php(36): Illuminate\\Queue\\Console\\WorkCommand->handle()\n#36 D:\\Herd\\eventcrafter\\vendor\\laravel\\framework\\src\\Illuminate\\Container\\Util.php(43): Illuminate\\Container\\BoundMethod::Illuminate\\Container\\{closure}()\n#37 D:\\Herd\\eventcrafter\\vendor\\laravel\\framework\\src\\Illuminate\\Container\\BoundMethod.php(96): Illuminate\\Container\\Util::unwrapIfClosure(Object(Closure))\n#38 D:\\Herd\\eventcrafter\\vendor\\laravel\\framework\\src\\Illuminate\\Container\\BoundMethod.php(35): Illuminate\\Container\\BoundMethod::callBoundMethod(Object(Illuminate\\Foundation\\Application), Array, Object(Closure))\n#39 D:\\Herd\\eventcrafter\\vendor\\laravel\\framework\\src\\Illuminate\\Container\\Container.php(754): Illuminate\\Container\\BoundMethod::call(Object(Illuminate\\Foundation\\Application), Array, Array, NULL)\n#40 D:\\Herd\\eventcrafter\\vendor\\laravel\\framework\\src\\Illuminate\\Console\\Command.php(211): Illuminate\\Container\\Container->call(Array)\n#41 D:\\Herd\\eventcrafter\\vendor\\symfony\\console\\Command\\Command.php(318): Illuminate\\Console\\Command->execute(Object(Symfony\\Component\\Console\\Input\\ArgvInput), Object(Illuminate\\Console\\OutputStyle))\n#42 D:\\Herd\\eventcrafter\\vendor\\laravel\\framework\\src\\Illuminate\\Console\\Command.php(180): Symfony\\Component\\Console\\Command\\Command->run(Object(Symfony\\Component\\Console\\Input\\ArgvInput), Object(Illuminate\\Console\\OutputStyle))\n#43 D:\\Herd\\eventcrafter\\vendor\\symfony\\console\\Application.php(1092): Illuminate\\Console\\Command->run(Object(Symfony\\Component\\Console\\Input\\ArgvInput), Object(Symfony\\Component\\Console\\Output\\ConsoleOutput))\n#44 D:\\Herd\\eventcrafter\\vendor\\symfony\\console\\Application.php(341): Symfony\\Component\\Console\\Application->doRunCommand(Object(Illuminate\\Queue\\Console\\WorkCommand), Object(Symfony\\Component\\Console\\Input\\ArgvInput), Object(Symfony\\Component\\Console\\Output\\ConsoleOutput))\n#45 D:\\Herd\\eventcrafter\\vendor\\symfony\\console\\Application.php(192): Symfony\\Component\\Console\\Application->doRun(Object(Symfony\\Component\\Console\\Input\\ArgvInput), Object(Symfony\\Component\\Console\\Output\\ConsoleOutput))\n#46 D:\\Herd\\eventcrafter\\vendor\\laravel\\framework\\src\\Illuminate\\Foundation\\Console\\Kernel.php(197): Symfony\\Component\\Console\\Application->run(Object(Symfony\\Component\\Console\\Input\\ArgvInput), Object(Symfony\\Component\\Console\\Output\\ConsoleOutput))\n#47 D:\\Herd\\eventcrafter\\vendor\\laravel\\framework\\src\\Illuminate\\Foundation\\Application.php(1234): Illuminate\\Foundation\\Console\\Kernel->handle(Object(Symfony\\Component\\Console\\Input\\ArgvInput), Object(Symfony\\Component\\Console\\Output\\ConsoleOutput))\n#48 D:\\Herd\\eventcrafter\\artisan(16): Illuminate\\Foundation\\Application->handleCommand(Object(Symfony\\Component\\Console\\Input\\ArgvInput))\n#49 {main}','2025-06-30 14:52:29'),(8,'a3235530-d294-4d9a-b0e7-94cb0ced5d4f','database','default','{\"uuid\":\"a3235530-d294-4d9a-b0e7-94cb0ced5d4f\",\"displayName\":\"App\\\\Jobs\\\\SendBookingConfirmedEmail\",\"job\":\"Illuminate\\\\Queue\\\\CallQueuedHandler@call\",\"maxTries\":null,\"maxExceptions\":null,\"failOnTimeout\":false,\"backoff\":null,\"timeout\":null,\"retryUntil\":null,\"data\":{\"commandName\":\"App\\\\Jobs\\\\SendBookingConfirmedEmail\",\"command\":\"O:34:\\\"App\\\\Jobs\\\\SendBookingConfirmedEmail\\\":4:{s:5:\\\"email\\\";s:22:\\\"jamesaaron12@gmail.com\\\";s:4:\\\"user\\\";O:45:\\\"Illuminate\\\\Contracts\\\\Database\\\\ModelIdentifier\\\":5:{s:5:\\\"class\\\";s:15:\\\"App\\\\Models\\\\User\\\";s:2:\\\"id\\\";i:5;s:9:\\\"relations\\\";a:0:{}s:10:\\\"connection\\\";s:5:\\\"mysql\\\";s:15:\\\"collectionClass\\\";N;}s:5:\\\"event\\\";O:45:\\\"Illuminate\\\\Contracts\\\\Database\\\\ModelIdentifier\\\":5:{s:5:\\\"class\\\";s:16:\\\"App\\\\Models\\\\Event\\\";s:2:\\\"id\\\";i:2;s:9:\\\"relations\\\";a:0:{}s:10:\\\"connection\\\";s:5:\\\"mysql\\\";s:15:\\\"collectionClass\\\";N;}s:7:\\\"booking\\\";O:45:\\\"Illuminate\\\\Contracts\\\\Database\\\\ModelIdentifier\\\":5:{s:5:\\\"class\\\";s:18:\\\"App\\\\Models\\\\Booking\\\";s:2:\\\"id\\\";i:21;s:9:\\\"relations\\\";a:0:{}s:10:\\\"connection\\\";s:5:\\\"mysql\\\";s:15:\\\"collectionClass\\\";N;}}\"},\"createdAt\":1751295234,\"delay\":null}','Symfony\\Component\\Mailer\\Exception\\TransportException: Connection could not be established with host \"smtp.gmail.com:587\": stream_socket_client(): php_network_getaddresses: getaddrinfo for smtp.gmail.com failed: No such host is known.  in D:\\Herd\\eventcrafter\\vendor\\symfony\\mailer\\Transport\\Smtp\\Stream\\SocketStream.php:154\nStack trace:\n#0 [internal function]: Symfony\\Component\\Mailer\\Transport\\Smtp\\Stream\\SocketStream->Symfony\\Component\\Mailer\\Transport\\Smtp\\Stream\\{closure}(2, \'stream_socket_c...\', \'D:\\\\Herd\\\\eventcr...\', 157)\n#1 D:\\Herd\\eventcrafter\\vendor\\symfony\\mailer\\Transport\\Smtp\\Stream\\SocketStream.php(157): stream_socket_client(\'smtp.gmail.com:...\', 0, \'\', 60.0, 4, Resource id #991)\n#2 D:\\Herd\\eventcrafter\\vendor\\symfony\\mailer\\Transport\\Smtp\\SmtpTransport.php(279): Symfony\\Component\\Mailer\\Transport\\Smtp\\Stream\\SocketStream->initialize()\n#3 D:\\Herd\\eventcrafter\\vendor\\symfony\\mailer\\Transport\\Smtp\\SmtpTransport.php(211): Symfony\\Component\\Mailer\\Transport\\Smtp\\SmtpTransport->start()\n#4 D:\\Herd\\eventcrafter\\vendor\\symfony\\mailer\\Transport\\AbstractTransport.php(69): Symfony\\Component\\Mailer\\Transport\\Smtp\\SmtpTransport->doSend(Object(Symfony\\Component\\Mailer\\SentMessage))\n#5 D:\\Herd\\eventcrafter\\vendor\\symfony\\mailer\\Transport\\Smtp\\SmtpTransport.php(138): Symfony\\Component\\Mailer\\Transport\\AbstractTransport->send(Object(Symfony\\Component\\Mime\\Email), Object(Symfony\\Component\\Mailer\\DelayedEnvelope))\n#6 D:\\Herd\\eventcrafter\\vendor\\laravel\\framework\\src\\Illuminate\\Mail\\Mailer.php(584): Symfony\\Component\\Mailer\\Transport\\Smtp\\SmtpTransport->send(Object(Symfony\\Component\\Mime\\Email), Object(Symfony\\Component\\Mailer\\DelayedEnvelope))\n#7 D:\\Herd\\eventcrafter\\vendor\\laravel\\framework\\src\\Illuminate\\Mail\\Mailer.php(331): Illuminate\\Mail\\Mailer->sendSymfonyMessage(Object(Symfony\\Component\\Mime\\Email))\n#8 D:\\Herd\\eventcrafter\\vendor\\laravel\\framework\\src\\Illuminate\\Mail\\Mailable.php(207): Illuminate\\Mail\\Mailer->send(\'mails.booking_c...\', Array, Object(Closure))\n#9 D:\\Herd\\eventcrafter\\vendor\\laravel\\framework\\src\\Illuminate\\Support\\Traits\\Localizable.php(19): Illuminate\\Mail\\Mailable->Illuminate\\Mail\\{closure}()\n#10 D:\\Herd\\eventcrafter\\vendor\\laravel\\framework\\src\\Illuminate\\Mail\\Mailable.php(200): Illuminate\\Mail\\Mailable->withLocale(NULL, Object(Closure))\n#11 D:\\Herd\\eventcrafter\\vendor\\laravel\\framework\\src\\Illuminate\\Mail\\Mailer.php(353): Illuminate\\Mail\\Mailable->send(Object(Illuminate\\Mail\\Mailer))\n#12 D:\\Herd\\eventcrafter\\vendor\\laravel\\framework\\src\\Illuminate\\Mail\\Mailer.php(300): Illuminate\\Mail\\Mailer->sendMailable(Object(App\\Mail\\BookingConfirmed))\n#13 D:\\Herd\\eventcrafter\\vendor\\laravel\\framework\\src\\Illuminate\\Mail\\PendingMail.php(123): Illuminate\\Mail\\Mailer->send(Object(App\\Mail\\BookingConfirmed))\n#14 D:\\Herd\\eventcrafter\\app\\Jobs\\SendBookingConfirmedEmail.php(34): Illuminate\\Mail\\PendingMail->send(Object(App\\Mail\\BookingConfirmed))\n#15 D:\\Herd\\eventcrafter\\vendor\\laravel\\framework\\src\\Illuminate\\Container\\BoundMethod.php(36): App\\Jobs\\SendBookingConfirmedEmail->handle()\n#16 D:\\Herd\\eventcrafter\\vendor\\laravel\\framework\\src\\Illuminate\\Container\\Util.php(43): Illuminate\\Container\\BoundMethod::Illuminate\\Container\\{closure}()\n#17 D:\\Herd\\eventcrafter\\vendor\\laravel\\framework\\src\\Illuminate\\Container\\BoundMethod.php(96): Illuminate\\Container\\Util::unwrapIfClosure(Object(Closure))\n#18 D:\\Herd\\eventcrafter\\vendor\\laravel\\framework\\src\\Illuminate\\Container\\BoundMethod.php(35): Illuminate\\Container\\BoundMethod::callBoundMethod(Object(Illuminate\\Foundation\\Application), Array, Object(Closure))\n#19 D:\\Herd\\eventcrafter\\vendor\\laravel\\framework\\src\\Illuminate\\Container\\Container.php(754): Illuminate\\Container\\BoundMethod::call(Object(Illuminate\\Foundation\\Application), Array, Array, NULL)\n#20 D:\\Herd\\eventcrafter\\vendor\\laravel\\framework\\src\\Illuminate\\Bus\\Dispatcher.php(132): Illuminate\\Container\\Container->call(Array)\n#21 D:\\Herd\\eventcrafter\\vendor\\laravel\\framework\\src\\Illuminate\\Pipeline\\Pipeline.php(169): Illuminate\\Bus\\Dispatcher->Illuminate\\Bus\\{closure}(Object(App\\Jobs\\SendBookingConfirmedEmail))\n#22 D:\\Herd\\eventcrafter\\vendor\\laravel\\framework\\src\\Illuminate\\Pipeline\\Pipeline.php(126): Illuminate\\Pipeline\\Pipeline->Illuminate\\Pipeline\\{closure}(Object(App\\Jobs\\SendBookingConfirmedEmail))\n#23 D:\\Herd\\eventcrafter\\vendor\\laravel\\framework\\src\\Illuminate\\Bus\\Dispatcher.php(136): Illuminate\\Pipeline\\Pipeline->then(Object(Closure))\n#24 D:\\Herd\\eventcrafter\\vendor\\laravel\\framework\\src\\Illuminate\\Queue\\CallQueuedHandler.php(125): Illuminate\\Bus\\Dispatcher->dispatchNow(Object(App\\Jobs\\SendBookingConfirmedEmail), false)\n#25 D:\\Herd\\eventcrafter\\vendor\\laravel\\framework\\src\\Illuminate\\Pipeline\\Pipeline.php(169): Illuminate\\Queue\\CallQueuedHandler->Illuminate\\Queue\\{closure}(Object(App\\Jobs\\SendBookingConfirmedEmail))\n#26 D:\\Herd\\eventcrafter\\vendor\\laravel\\framework\\src\\Illuminate\\Pipeline\\Pipeline.php(126): Illuminate\\Pipeline\\Pipeline->Illuminate\\Pipeline\\{closure}(Object(App\\Jobs\\SendBookingConfirmedEmail))\n#27 D:\\Herd\\eventcrafter\\vendor\\laravel\\framework\\src\\Illuminate\\Queue\\CallQueuedHandler.php(120): Illuminate\\Pipeline\\Pipeline->then(Object(Closure))\n#28 D:\\Herd\\eventcrafter\\vendor\\laravel\\framework\\src\\Illuminate\\Queue\\CallQueuedHandler.php(68): Illuminate\\Queue\\CallQueuedHandler->dispatchThroughMiddleware(Object(Illuminate\\Queue\\Jobs\\DatabaseJob), Object(App\\Jobs\\SendBookingConfirmedEmail))\n#29 D:\\Herd\\eventcrafter\\vendor\\laravel\\framework\\src\\Illuminate\\Queue\\Jobs\\Job.php(102): Illuminate\\Queue\\CallQueuedHandler->call(Object(Illuminate\\Queue\\Jobs\\DatabaseJob), Array)\n#30 D:\\Herd\\eventcrafter\\vendor\\laravel\\framework\\src\\Illuminate\\Queue\\Worker.php(444): Illuminate\\Queue\\Jobs\\Job->fire()\n#31 D:\\Herd\\eventcrafter\\vendor\\laravel\\framework\\src\\Illuminate\\Queue\\Worker.php(394): Illuminate\\Queue\\Worker->process(\'database\', Object(Illuminate\\Queue\\Jobs\\DatabaseJob), Object(Illuminate\\Queue\\WorkerOptions))\n#32 D:\\Herd\\eventcrafter\\vendor\\laravel\\framework\\src\\Illuminate\\Queue\\Worker.php(180): Illuminate\\Queue\\Worker->runJob(Object(Illuminate\\Queue\\Jobs\\DatabaseJob), \'database\', Object(Illuminate\\Queue\\WorkerOptions))\n#33 D:\\Herd\\eventcrafter\\vendor\\laravel\\framework\\src\\Illuminate\\Queue\\Console\\WorkCommand.php(148): Illuminate\\Queue\\Worker->daemon(\'database\', \'default\', Object(Illuminate\\Queue\\WorkerOptions))\n#34 D:\\Herd\\eventcrafter\\vendor\\laravel\\framework\\src\\Illuminate\\Queue\\Console\\WorkCommand.php(131): Illuminate\\Queue\\Console\\WorkCommand->runWorker(\'database\', \'default\')\n#35 D:\\Herd\\eventcrafter\\vendor\\laravel\\framework\\src\\Illuminate\\Container\\BoundMethod.php(36): Illuminate\\Queue\\Console\\WorkCommand->handle()\n#36 D:\\Herd\\eventcrafter\\vendor\\laravel\\framework\\src\\Illuminate\\Container\\Util.php(43): Illuminate\\Container\\BoundMethod::Illuminate\\Container\\{closure}()\n#37 D:\\Herd\\eventcrafter\\vendor\\laravel\\framework\\src\\Illuminate\\Container\\BoundMethod.php(96): Illuminate\\Container\\Util::unwrapIfClosure(Object(Closure))\n#38 D:\\Herd\\eventcrafter\\vendor\\laravel\\framework\\src\\Illuminate\\Container\\BoundMethod.php(35): Illuminate\\Container\\BoundMethod::callBoundMethod(Object(Illuminate\\Foundation\\Application), Array, Object(Closure))\n#39 D:\\Herd\\eventcrafter\\vendor\\laravel\\framework\\src\\Illuminate\\Container\\Container.php(754): Illuminate\\Container\\BoundMethod::call(Object(Illuminate\\Foundation\\Application), Array, Array, NULL)\n#40 D:\\Herd\\eventcrafter\\vendor\\laravel\\framework\\src\\Illuminate\\Console\\Command.php(211): Illuminate\\Container\\Container->call(Array)\n#41 D:\\Herd\\eventcrafter\\vendor\\symfony\\console\\Command\\Command.php(318): Illuminate\\Console\\Command->execute(Object(Symfony\\Component\\Console\\Input\\ArgvInput), Object(Illuminate\\Console\\OutputStyle))\n#42 D:\\Herd\\eventcrafter\\vendor\\laravel\\framework\\src\\Illuminate\\Console\\Command.php(180): Symfony\\Component\\Console\\Command\\Command->run(Object(Symfony\\Component\\Console\\Input\\ArgvInput), Object(Illuminate\\Console\\OutputStyle))\n#43 D:\\Herd\\eventcrafter\\vendor\\symfony\\console\\Application.php(1092): Illuminate\\Console\\Command->run(Object(Symfony\\Component\\Console\\Input\\ArgvInput), Object(Symfony\\Component\\Console\\Output\\ConsoleOutput))\n#44 D:\\Herd\\eventcrafter\\vendor\\symfony\\console\\Application.php(341): Symfony\\Component\\Console\\Application->doRunCommand(Object(Illuminate\\Queue\\Console\\WorkCommand), Object(Symfony\\Component\\Console\\Input\\ArgvInput), Object(Symfony\\Component\\Console\\Output\\ConsoleOutput))\n#45 D:\\Herd\\eventcrafter\\vendor\\symfony\\console\\Application.php(192): Symfony\\Component\\Console\\Application->doRun(Object(Symfony\\Component\\Console\\Input\\ArgvInput), Object(Symfony\\Component\\Console\\Output\\ConsoleOutput))\n#46 D:\\Herd\\eventcrafter\\vendor\\laravel\\framework\\src\\Illuminate\\Foundation\\Console\\Kernel.php(197): Symfony\\Component\\Console\\Application->run(Object(Symfony\\Component\\Console\\Input\\ArgvInput), Object(Symfony\\Component\\Console\\Output\\ConsoleOutput))\n#47 D:\\Herd\\eventcrafter\\vendor\\laravel\\framework\\src\\Illuminate\\Foundation\\Application.php(1234): Illuminate\\Foundation\\Console\\Kernel->handle(Object(Symfony\\Component\\Console\\Input\\ArgvInput), Object(Symfony\\Component\\Console\\Output\\ConsoleOutput))\n#48 D:\\Herd\\eventcrafter\\artisan(16): Illuminate\\Foundation\\Application->handleCommand(Object(Symfony\\Component\\Console\\Input\\ArgvInput))\n#49 {main}','2025-06-30 14:53:57');
/*!40000 ALTER TABLE `failed_jobs` ENABLE KEYS */;
UNLOCK TABLES;

--
-- Table structure for table `feedbacks`
--

DROP TABLE IF EXISTS `feedbacks`;
/*!40101 SET @saved_cs_client     = @@character_set_client */;
/*!50503 SET character_set_client = utf8mb4 */;
CREATE TABLE `feedbacks` (
  `id` bigint unsigned NOT NULL AUTO_INCREMENT,
  `user_id` bigint unsigned NOT NULL,
  `event_id` bigint unsigned NOT NULL,
  `booking_id` bigint unsigned NOT NULL,
  `rating` tinyint NOT NULL,
  `feedback` text COLLATE utf8mb4_unicode_ci NOT NULL,
  `created_at` timestamp NULL DEFAULT NULL,
  `updated_at` timestamp NULL DEFAULT NULL,
  PRIMARY KEY (`id`),
  UNIQUE KEY `feedbacks_user_id_booking_id_unique` (`user_id`,`booking_id`),
  KEY `feedbacks_event_id_foreign` (`event_id`),
  KEY `feedbacks_booking_id_foreign` (`booking_id`),
  CONSTRAINT `feedbacks_booking_id_foreign` FOREIGN KEY (`booking_id`) REFERENCES `bookings` (`id`) ON DELETE CASCADE,
  CONSTRAINT `feedbacks_event_id_foreign` FOREIGN KEY (`event_id`) REFERENCES `events` (`id`) ON DELETE CASCADE,
  CONSTRAINT `feedbacks_user_id_foreign` FOREIGN KEY (`user_id`) REFERENCES `users` (`id`) ON DELETE CASCADE
) ENGINE=InnoDB AUTO_INCREMENT=7 DEFAULT CHARSET=utf8mb4 COLLATE=utf8mb4_unicode_ci;
/*!40101 SET character_set_client = @saved_cs_client */;

--
-- Dumping data for table `feedbacks`
--

LOCK TABLES `feedbacks` WRITE;
/*!40000 ALTER TABLE `feedbacks` DISABLE KEYS */;
INSERT INTO `feedbacks` VALUES (1,3,1,1,5,'Good and fair tech event','2025-06-28 08:28:45','2025-06-28 08:28:45'),(2,3,5,6,4,'What a function ... Hat\'s off','2025-06-28 08:29:14','2025-06-28 08:29:14'),(3,4,11,10,2,'Still could be improved','2025-06-28 08:33:02','2025-06-28 08:33:02'),(4,4,3,12,1,'Just a waste of time and money','2025-06-28 08:33:22','2025-06-28 08:33:22'),(5,4,5,13,5,'Very good contest and a fantastic prize poo!','2025-06-28 08:33:57','2025-06-28 08:33:57'),(6,4,7,11,5,'Wow...','2025-06-28 08:34:15','2025-06-28 08:34:48');
/*!40000 ALTER TABLE `feedbacks` ENABLE KEYS */;
UNLOCK TABLES;

--
-- Table structure for table `job_batches`
--

DROP TABLE IF EXISTS `job_batches`;
/*!40101 SET @saved_cs_client     = @@character_set_client */;
/*!50503 SET character_set_client = utf8mb4 */;
CREATE TABLE `job_batches` (
  `id` varchar(255) COLLATE utf8mb4_unicode_ci NOT NULL,
  `name` varchar(255) COLLATE utf8mb4_unicode_ci NOT NULL,
  `total_jobs` int NOT NULL,
  `pending_jobs` int NOT NULL,
  `failed_jobs` int NOT NULL,
  `failed_job_ids` longtext COLLATE utf8mb4_unicode_ci NOT NULL,
  `options` mediumtext COLLATE utf8mb4_unicode_ci,
  `cancelled_at` int DEFAULT NULL,
  `created_at` int NOT NULL,
  `finished_at` int DEFAULT NULL,
  PRIMARY KEY (`id`)
) ENGINE=InnoDB DEFAULT CHARSET=utf8mb4 COLLATE=utf8mb4_unicode_ci;
/*!40101 SET character_set_client = @saved_cs_client */;

--
-- Dumping data for table `job_batches`
--

LOCK TABLES `job_batches` WRITE;
/*!40000 ALTER TABLE `job_batches` DISABLE KEYS */;
/*!40000 ALTER TABLE `job_batches` ENABLE KEYS */;
UNLOCK TABLES;

--
-- Table structure for table `jobs`
--

DROP TABLE IF EXISTS `jobs`;
/*!40101 SET @saved_cs_client     = @@character_set_client */;
/*!50503 SET character_set_client = utf8mb4 */;
CREATE TABLE `jobs` (
  `id` bigint unsigned NOT NULL AUTO_INCREMENT,
  `queue` varchar(255) COLLATE utf8mb4_unicode_ci NOT NULL,
  `payload` longtext COLLATE utf8mb4_unicode_ci NOT NULL,
  `attempts` tinyint unsigned NOT NULL,
  `reserved_at` int unsigned DEFAULT NULL,
  `available_at` int unsigned NOT NULL,
  `created_at` int unsigned NOT NULL,
  PRIMARY KEY (`id`),
  KEY `jobs_queue_index` (`queue`)
) ENGINE=InnoDB AUTO_INCREMENT=46 DEFAULT CHARSET=utf8mb4 COLLATE=utf8mb4_unicode_ci;
/*!40101 SET character_set_client = @saved_cs_client */;

--
-- Dumping data for table `jobs`
--

LOCK TABLES `jobs` WRITE;
/*!40000 ALTER TABLE `jobs` DISABLE KEYS */;
/*!40000 ALTER TABLE `jobs` ENABLE KEYS */;
UNLOCK TABLES;

--
-- Table structure for table `migrations`
--

DROP TABLE IF EXISTS `migrations`;
/*!40101 SET @saved_cs_client     = @@character_set_client */;
/*!50503 SET character_set_client = utf8mb4 */;
CREATE TABLE `migrations` (
  `id` int unsigned NOT NULL AUTO_INCREMENT,
  `migration` varchar(255) COLLATE utf8mb4_unicode_ci NOT NULL,
  `batch` int NOT NULL,
  PRIMARY KEY (`id`)
) ENGINE=InnoDB AUTO_INCREMENT=22 DEFAULT CHARSET=utf8mb4 COLLATE=utf8mb4_unicode_ci;
/*!40101 SET character_set_client = @saved_cs_client */;

--
-- Dumping data for table `migrations`
--

LOCK TABLES `migrations` WRITE;
/*!40000 ALTER TABLE `migrations` DISABLE KEYS */;
INSERT INTO `migrations` VALUES (6,'2025_06_20_035908_create_personal_access_tokens_table',2),(7,'2025_06_22_042937_create_feedbacks_table',3),(8,'2025_06_24_082341_create_feedbacks_table',4),(10,'2025_06_25_065339_create_profile_tables',6),(11,'2025_06_25_065900_create_profile_table',7),(13,'0001_01_01_000000_create_users_table',8),(14,'0001_01_01_000001_create_cache_table',8),(15,'0001_01_01_000002_create_jobs_table',8),(16,'2025_06_15_153451_create_events_table',8),(17,'2025_06_15_153702_create_bookings_table',8),(18,'2025_06_24_140741_create_feedbacks_table',8),(19,'2025_06_25_085918_create_profile_table',8),(20,'2025_06_28_093741_create_admin_table',9),(21,'2025_06_29_180402_add_status_to_users_table',10);
/*!40000 ALTER TABLE `migrations` ENABLE KEYS */;
UNLOCK TABLES;

--
-- Table structure for table `password_reset_tokens`
--

DROP TABLE IF EXISTS `password_reset_tokens`;
/*!40101 SET @saved_cs_client     = @@character_set_client */;
/*!50503 SET character_set_client = utf8mb4 */;
CREATE TABLE `password_reset_tokens` (
  `email` varchar(255) COLLATE utf8mb4_unicode_ci NOT NULL,
  `token` varchar(255) COLLATE utf8mb4_unicode_ci NOT NULL,
  `created_at` timestamp NULL DEFAULT NULL,
  PRIMARY KEY (`email`)
) ENGINE=InnoDB DEFAULT CHARSET=utf8mb4 COLLATE=utf8mb4_unicode_ci;
/*!40101 SET character_set_client = @saved_cs_client */;

--
-- Dumping data for table `password_reset_tokens`
--

LOCK TABLES `password_reset_tokens` WRITE;
/*!40000 ALTER TABLE `password_reset_tokens` DISABLE KEYS */;
/*!40000 ALTER TABLE `password_reset_tokens` ENABLE KEYS */;
UNLOCK TABLES;

--
-- Table structure for table `personal_access_tokens`
--

DROP TABLE IF EXISTS `personal_access_tokens`;
/*!40101 SET @saved_cs_client     = @@character_set_client */;
/*!50503 SET character_set_client = utf8mb4 */;
CREATE TABLE `personal_access_tokens` (
  `id` bigint unsigned NOT NULL AUTO_INCREMENT,
  `tokenable_type` varchar(255) COLLATE utf8mb4_unicode_ci NOT NULL,
  `tokenable_id` bigint unsigned NOT NULL,
  `name` varchar(255) COLLATE utf8mb4_unicode_ci NOT NULL,
  `token` varchar(64) COLLATE utf8mb4_unicode_ci NOT NULL,
  `abilities` text COLLATE utf8mb4_unicode_ci,
  `last_used_at` timestamp NULL DEFAULT NULL,
  `expires_at` timestamp NULL DEFAULT NULL,
  `created_at` timestamp NULL DEFAULT NULL,
  `updated_at` timestamp NULL DEFAULT NULL,
  PRIMARY KEY (`id`),
  UNIQUE KEY `personal_access_tokens_token_unique` (`token`),
  KEY `personal_access_tokens_tokenable_type_tokenable_id_index` (`tokenable_type`,`tokenable_id`)
) ENGINE=InnoDB DEFAULT CHARSET=utf8mb4 COLLATE=utf8mb4_unicode_ci;
/*!40101 SET character_set_client = @saved_cs_client */;

--
-- Dumping data for table `personal_access_tokens`
--

LOCK TABLES `personal_access_tokens` WRITE;
/*!40000 ALTER TABLE `personal_access_tokens` DISABLE KEYS */;
/*!40000 ALTER TABLE `personal_access_tokens` ENABLE KEYS */;
UNLOCK TABLES;

--
-- Table structure for table `profile`
--

DROP TABLE IF EXISTS `profile`;
/*!40101 SET @saved_cs_client     = @@character_set_client */;
/*!50503 SET character_set_client = utf8mb4 */;
CREATE TABLE `profile` (
  `id` bigint unsigned NOT NULL AUTO_INCREMENT,
  `user_id` bigint unsigned NOT NULL,
  `phone` varchar(255) COLLATE utf8mb4_unicode_ci DEFAULT NULL,
  `profile_image` varchar(255) COLLATE utf8mb4_unicode_ci DEFAULT NULL,
  `date_of_birth` date DEFAULT NULL,
  `gender` enum('male','female','other') COLLATE utf8mb4_unicode_ci DEFAULT NULL,
  `address` text COLLATE utf8mb4_unicode_ci,
  `created_at` timestamp NULL DEFAULT NULL,
  `updated_at` timestamp NULL DEFAULT NULL,
  PRIMARY KEY (`id`),
  KEY `profile_user_id_foreign` (`user_id`),
  CONSTRAINT `profile_user_id_foreign` FOREIGN KEY (`user_id`) REFERENCES `users` (`id`) ON DELETE CASCADE
) ENGINE=InnoDB AUTO_INCREMENT=10 DEFAULT CHARSET=utf8mb4 COLLATE=utf8mb4_unicode_ci;
/*!40101 SET character_set_client = @saved_cs_client */;

--
-- Dumping data for table `profile`
--

LOCK TABLES `profile` WRITE;
/*!40000 ALTER TABLE `profile` DISABLE KEYS */;
INSERT INTO `profile` VALUES (1,1,'4558210132','1750947868.jpeg','2007-11-14','male','Omkar Chowk , Una','2025-06-26 10:55:42','2025-06-26 14:24:28'),(2,2,'4558210132',NULL,'2007-11-14','male','Omkar Chowk , Una','2025-06-26 10:56:58','2025-06-26 14:52:00'),(3,3,'4523567895','1750947348.jpeg','1996-09-24','male','ghuntu road , morbi','2025-06-26 10:59:10','2025-06-26 14:15:48'),(4,4,'4523567895','1750948466.jpeg','2025-06-12','male','gandhi road , jamnagar','2025-06-26 11:09:05','2025-06-26 14:34:26'),(5,5,'4523567895',NULL,'2017-03-17','male','ghuntu road , morbi','2025-06-30 14:23:03','2025-06-30 14:53:17'),(6,6,NULL,NULL,NULL,NULL,NULL,'2025-07-01 05:11:17','2025-07-01 05:11:17'),(7,7,NULL,NULL,NULL,NULL,NULL,'2025-07-01 05:19:33','2025-07-01 05:19:33'),(8,8,NULL,NULL,NULL,NULL,NULL,'2025-07-01 05:34:47','2025-07-01 05:34:47'),(9,9,NULL,NULL,NULL,NULL,NULL,'2025-07-02 03:45:16','2025-07-02 03:45:16');
/*!40000 ALTER TABLE `profile` ENABLE KEYS */;
UNLOCK TABLES;

--
-- Table structure for table `sessions`
--

DROP TABLE IF EXISTS `sessions`;
/*!40101 SET @saved_cs_client     = @@character_set_client */;
/*!50503 SET character_set_client = utf8mb4 */;
CREATE TABLE `sessions` (
  `id` varchar(255) COLLATE utf8mb4_unicode_ci NOT NULL,
  `user_id` bigint unsigned DEFAULT NULL,
  `ip_address` varchar(45) COLLATE utf8mb4_unicode_ci DEFAULT NULL,
  `user_agent` text COLLATE utf8mb4_unicode_ci,
  `payload` longtext COLLATE utf8mb4_unicode_ci NOT NULL,
  `last_activity` int NOT NULL,
  PRIMARY KEY (`id`),
  KEY `sessions_user_id_index` (`user_id`),
  KEY `sessions_last_activity_index` (`last_activity`)
) ENGINE=InnoDB DEFAULT CHARSET=utf8mb4 COLLATE=utf8mb4_unicode_ci;
/*!40101 SET character_set_client = @saved_cs_client */;

--
-- Dumping data for table `sessions`
--

LOCK TABLES `sessions` WRITE;
/*!40000 ALTER TABLE `sessions` DISABLE KEYS */;
INSERT INTO `sessions` VALUES ('40InA2tBZ4pmLubpdybh604zOlD4wVqDTR6WdAIr',5,'127.0.0.1','Mozilla/5.0 (Windows NT 10.0; Win64; x64) AppleWebKit/537.36 (KHTML, like Gecko) Chrome/138.0.0.0 Safari/537.36 Edg/138.0.0.0','YTo0OntzOjY6Il90b2tlbiI7czo0MDoiTmNibDczQ2xSUkRORXlDR3dlMWNKNHNPWmRNT0xVclJOUGVDZEhNWSI7czo5OiJfcHJldmlvdXMiO2E6MTp7czozOiJ1cmwiO3M6MzA6Imh0dHA6Ly9sb2NhbGhvc3Q6ODAwMC9ldmVudHMvMiI7fXM6NjoiX2ZsYXNoIjthOjI6e3M6Mzoib2xkIjthOjA6e31zOjM6Im5ldyI7YTowOnt9fXM6NTA6ImxvZ2luX3dlYl81OWJhMzZhZGRjMmIyZjk0MDE1ODBmMDE0YzdmNThlYTRlMzA5ODlkIjtpOjU7fQ==',1751295750),('4rpM6N9SlmojfIxsmUlT8NMCa9AO2BbNinq6B5NA',NULL,'127.0.0.1','Mozilla/5.0 (Windows NT 10.0; Win64; x64) AppleWebKit/537.36 (KHTML, like Gecko) Chrome/138.0.0.0 Safari/537.36','YTo0OntzOjY6Il90b2tlbiI7czo0MDoieHNycTFxUDl1Nmpab0lhWVVZdVdKZ2ZtdkRmZHY5UHpmck1hdnEyZiI7czo2OiJfZmxhc2giO2E6Mjp7czozOiJvbGQiO2E6MDp7fXM6MzoibmV3IjthOjA6e319czo5OiJfcHJldmlvdXMiO2E6MTp7czozOiJ1cmwiO3M6Mzc6Imh0dHA6Ly9sb2NhbGhvc3Q6ODAwMC9hZG1pbi9kYXNoYm9hcmQiO31zOjUyOiJsb2dpbl9hZG1pbl81OWJhMzZhZGRjMmIyZjk0MDE1ODBmMDE0YzdmNThlYTRlMzA5ODlkIjtpOjQ7fQ==',1751353739),('brVSmS6L85sBzMqptu0JpupDJ4jcccYV8ZcMGLxc',NULL,'127.0.0.1','','YTozOntzOjY6Il90b2tlbiI7czo0MDoicW9oSDRYSUdETWI4bjE4a1RGVFZoY1I5d0hHUXlLV0lvS1BaZW1MSyI7czo5OiJfcHJldmlvdXMiO2E6MTp7czozOiJ1cmwiO3M6MzU6Imh0dHA6Ly9sb2NhbGhvc3Q6ODAwMC9ldmVudHMvYnJvd3NlIjt9czo2OiJfZmxhc2giO2E6Mjp7czozOiJvbGQiO2E6MDp7fXM6MzoibmV3IjthOjA6e319fQ==',1751427282),('c5hs9Wt0xI60NF1jPlfR0O2Y3srqn005B4i29xaE',9,'127.0.0.1','Mozilla/5.0 (Windows NT 10.0; Win64; x64) AppleWebKit/537.36 (KHTML, like Gecko) Chrome/138.0.0.0 Safari/537.36 Edg/138.0.0.0','YTo0OntzOjY6Il90b2tlbiI7czo0MDoicUFqeURNS201Ylk4UmduTlpXRWRZQklZd3owTXVVdjA0ZkZYRzZzTSI7czo2OiJfZmxhc2giO2E6Mjp7czozOiJuZXciO2E6MDp7fXM6Mzoib2xkIjthOjA6e319czo5OiJfcHJldmlvdXMiO2E6MTp7czozOiJ1cmwiO3M6MzA6Imh0dHA6Ly9sb2NhbGhvc3Q6ODAwMC9ldmVudHMvOCI7fXM6NTA6ImxvZ2luX3dlYl81OWJhMzZhZGRjMmIyZjk0MDE1ODBmMDE0YzdmNThlYTRlMzA5ODlkIjtpOjk7fQ==',1751428434),('N49HJydljQVXOeD5iKJ0FOxoxiWISBQhYBnX1sbH',NULL,'127.0.0.1','Mozilla/5.0 (Windows NT 10.0; Win64; x64) AppleWebKit/537.36 (KHTML, like Gecko) Chrome/138.0.0.0 Safari/537.36','YTo0OntzOjY6Il90b2tlbiI7czo0MDoiM3pVTlA4NmlZdkt4bEVFdjZUVlBaRkVCeHQ1bjRzUEY4aXRjbEpscyI7czo2OiJfZmxhc2giO2E6Mjp7czozOiJuZXciO2E6MDp7fXM6Mzoib2xkIjthOjA6e319czo5OiJfcHJldmlvdXMiO2E6MTp7czozOiJ1cmwiO3M6Mzc6Imh0dHA6Ly8xMjcuMC4wLjE6ODAwMC9hZG1pbi9kYXNoYm9hcmQiO31zOjUyOiJsb2dpbl9hZG1pbl81OWJhMzZhZGRjMmIyZjk0MDE1ODBmMDE0YzdmNThlYTRlMzA5ODlkIjtpOjQ7fQ==',1751296406),('Nkmbw7MZuIKdJ3IFxMfzWQ7QqxkxMeviA9YIjusx',NULL,'127.0.0.1','Mozilla/5.0 (Windows NT 10.0; Win64; x64) AppleWebKit/537.36 (KHTML, like Gecko) Chrome/138.0.0.0 Safari/537.36','YTo0OntzOjY6Il90b2tlbiI7czo0MDoiY2NHU2h2QktKVWJNaUZMSmFOVlJrSlJ6WGJNUTVoTm1aUmFPUlJlWCI7czo2OiJfZmxhc2giO2E6Mjp7czozOiJuZXciO2E6MDp7fXM6Mzoib2xkIjthOjA6e319czo5OiJfcHJldmlvdXMiO2E6MTp7czozOiJ1cmwiO3M6Mzk6Imh0dHA6Ly9sb2NhbGhvc3Q6ODAwMC9hZG1pbi9tYW5hZ2VVc2VycyI7fXM6NTI6ImxvZ2luX2FkbWluXzU5YmEzNmFkZGMyYjJmOTQwMTU4MGYwMTRjN2Y1OGVhNGUzMDk4OWQiO2k6NDt9',1751437544),('vekPiBxzeZx0Y9NR9fjUxn8K4nhemrCY3oMmDFB4',8,'127.0.0.1','Mozilla/5.0 (Windows NT 10.0; Win64; x64) AppleWebKit/537.36 (KHTML, like Gecko) Chrome/138.0.0.0 Safari/537.36 Edg/138.0.0.0','YTo0OntzOjY6Il90b2tlbiI7czo0MDoiWFVEWldnbVZ0UXZEWmhLbTlvSEVaU3hqeWxncVE4MTc5RkNLVkJuSSI7czo2OiJfZmxhc2giO2E6Mjp7czozOiJuZXciO2E6MDp7fXM6Mzoib2xkIjthOjA6e319czo5OiJfcHJldmlvdXMiO2E6MTp7czozOiJ1cmwiO3M6NDE6Imh0dHA6Ly9sb2NhbGhvc3Q6ODAwMC9vcmdhbml6ZXIvZGFzaGJvYXJkIjt9czo1MDoibG9naW5fd2ViXzU5YmEzNmFkZGMyYjJmOTQwMTU4MGYwMTRjN2Y1OGVhNGUzMDk4OWQiO2k6ODt9',1751353798);
/*!40000 ALTER TABLE `sessions` ENABLE KEYS */;
UNLOCK TABLES;

--
-- Table structure for table `users`
--

DROP TABLE IF EXISTS `users`;
/*!40101 SET @saved_cs_client     = @@character_set_client */;
/*!50503 SET character_set_client = utf8mb4 */;
CREATE TABLE `users` (
  `id` bigint unsigned NOT NULL AUTO_INCREMENT,
  `name` varchar(255) COLLATE utf8mb4_unicode_ci NOT NULL,
  `email` varchar(255) COLLATE utf8mb4_unicode_ci NOT NULL,
  `role` enum('customer','organizer') COLLATE utf8mb4_unicode_ci NOT NULL,
  `password` varchar(255) COLLATE utf8mb4_unicode_ci NOT NULL,
  `email_verified_at` timestamp NULL DEFAULT NULL,
  `remember_token` varchar(100) COLLATE utf8mb4_unicode_ci DEFAULT NULL,
  `created_at` timestamp NULL DEFAULT NULL,
  `updated_at` timestamp NULL DEFAULT NULL,
  `status` enum('blocked','unblocked') COLLATE utf8mb4_unicode_ci DEFAULT 'unblocked',
  PRIMARY KEY (`id`),
  UNIQUE KEY `users_email_unique` (`email`)
) ENGINE=InnoDB AUTO_INCREMENT=10 DEFAULT CHARSET=utf8mb4 COLLATE=utf8mb4_unicode_ci;
/*!40101 SET character_set_client = @saved_cs_client */;

--
-- Dumping data for table `users`
--

LOCK TABLES `users` WRITE;
/*!40000 ALTER TABLE `users` DISABLE KEYS */;
INSERT INTO `users` VALUES (1,'Kotak Dhruv','kotakgirish9@gmail.com','organizer','$2y$12$h2A5sP/JMgaNQyKGIczrBu1Q94jR/755J87dCKPsHSAABlyxM0yqO',NULL,'SmRT3DYuc4aI30fVIYGXtCcuUl3AJ04kUNkVXNKSrN5ep99NaYUAEfr19ARc','2025-06-26 10:55:42','2025-06-29 13:43:21','unblocked'),(2,'Dhamecha Arjun','kotakdhruv4@gmail.com','organizer','$2y$12$rgJVawPaMWGpr4hpCN5i3uy7pSDqO50ntrlqjfJHdXxRqsgyXuhxS',NULL,'sldwUPBvavIdxRJEbmPNTstvbF1NW6oL184eCZmAgr9QE3i26padR3lTSqXf','2025-06-26 10:56:58','2025-06-29 13:43:25','unblocked'),(3,'Gohil Adityaraj','dhruvkotak769@gmail.com','customer','$2y$12$hiAew0lkwcx3OWUw8m8G/uzg3u4pkdY1a.XRU09/TaHJ9Pq1IPqvW',NULL,'J9s8U7LEllwqqLjVDP9dwzMP2dcBDYrJSc8BY9FGpZSmWoAz5pS6neh9z0lj','2025-06-26 10:59:10','2025-06-30 05:37:43','unblocked'),(4,'Joshi Param','sparkmobiles18@gmail.com','customer','$2y$12$MjmftqddMf87br5gmYDWxeM.fpHML4MrvAHo31mYlLUrtNFphYc3.',NULL,'A04dFeSThRn5zPOMv3XaoMSQ84yiqex6CdV694rcd7u0NL8K6g5CNlNEAUvg','2025-06-26 11:09:05','2025-06-29 13:14:03','unblocked'),(5,'James aaron','jamesaaron12@gmail.com','customer','$2y$12$8FOy2xWCMxInDkcnWq0ygO6wl8Rs9bkh2a1YTHH9I47QDXhhgGoNi',NULL,NULL,'2025-06-30 14:23:03','2025-06-30 14:23:03','unblocked'),(6,'Marnus labon','marnuslabon12@gmail.com','customer','$2y$12$ndcglnssr8b7ktxvUjSFZO96xyRO6Wu6Ehp03uoOU/kL5dSSqy/Qm',NULL,NULL,'2025-07-01 05:11:17','2025-07-01 05:11:17','unblocked'),(7,'Hetanshu Lakhtariya','hetanshulakhtariya12@gmail.com','organizer','$2y$12$QqEoxyYLLv8Kt014j49vWebx1I0NQy5YCNw549y7BJmnBeBxSHtU6',NULL,NULL,'2025-07-01 05:19:33','2025-07-01 05:19:33','unblocked'),(8,'Dhruv Raval','ravaldhruv12@gmail.com','organizer','$2y$12$e74d6yciijCSSg5XaMp34Ot1pbJZ2mO/WN7jtCzdCER0hXjI2kHKO',NULL,NULL,'2025-07-01 05:34:47','2025-07-01 05:34:47','unblocked'),(9,'Keshav Mistri','keshavmistri12@gmail.com','customer','$2y$12$NO2CmokOBk5wzjKjdOvAOuuXLkJQaE3Q5MVucP3R1yVQ0BIXEO3Ou',NULL,NULL,'2025-07-02 03:45:16','2025-07-02 03:45:16','unblocked');
/*!40000 ALTER TABLE `users` ENABLE KEYS */;
UNLOCK TABLES;
/*!40103 SET TIME_ZONE=@OLD_TIME_ZONE */;

/*!40101 SET SQL_MODE=@OLD_SQL_MODE */;
/*!40014 SET FOREIGN_KEY_CHECKS=@OLD_FOREIGN_KEY_CHECKS */;
/*!40014 SET UNIQUE_CHECKS=@OLD_UNIQUE_CHECKS */;
/*!40101 SET CHARACTER_SET_CLIENT=@OLD_CHARACTER_SET_CLIENT */;
/*!40101 SET CHARACTER_SET_RESULTS=@OLD_CHARACTER_SET_RESULTS */;
/*!40101 SET COLLATION_CONNECTION=@OLD_COLLATION_CONNECTION */;
/*!40111 SET SQL_NOTES=@OLD_SQL_NOTES */;

-- Dump completed on 2025-07-02 12:36:49
